,0_train,0_test,1_train,1_test,2_train,2_test,3_train,3_test,4_train,4_test,5_train,5_test,6_train,6_test,7_train,7_test,8_train,8_test,9_train,9_test,10_train,10_test,11_train,11_test,12_train,12_test,13_train,13_test,14_train,14_test,15_train,15_test,16_train,16_test,17_train,17_test,18_train,18_test,19_train,19_test,20_train,20_test,21_train,21_test,22_train,22_test,23_train,23_test,24_train,24_test,25_train,25_test,26_train,26_test,27_train,27_test,28_train,28_test,29_train,29_test,30_train,30_test,31_train,31_test,32_train,32_test,33_train,33_test,34_train,34_test,35_train,35_test,36_train,36_test,37_train,37_test,38_train,38_test,39_train,39_test,40_train,40_test,41_train,41_test,42_train,42_test,43_train,43_test,44_train,44_test,45_train,45_test,46_train,46_test,47_train,47_test,48_train,48_test,49_train,49_test,50_train,50_test,51_train,51_test,52_train,52_test,53_train,53_test,54_train,54_test,55_train,55_test,56_train,56_test,57_train,57_test,58_train,58_test,59_train,59_test,60_train,60_test,61_train,61_test,62_train,62_test,63_train,63_test,64_train,64_test,65_train,65_test,66_train,66_test,67_train,67_test,68_train,68_test,69_train,69_test,70_train,70_test,71_train,71_test,72_train,72_test,73_train,73_test,74_train,74_test,75_train,75_test,76_train,76_test,77_train,77_test,78_train,78_test,79_train,79_test,80_train,80_test,81_train,81_test,82_train,82_test,83_train,83_test,84_train,84_test,85_train,85_test,86_train,86_test,87_train,87_test,88_train,88_test,89_train,89_test,90_train,90_test,91_train,91_test,92_train,92_test,93_train,93_test,94_train,94_test,95_train,95_test,96_train,96_test,97_train,97_test,98_train,98_test,99_train,99_test
0,CRLM-002,CRLM-001,CRLM-002,CRLM-001,CRLM-003,CRLM-001,CRLM-001,CRLM-002,CRLM-001,CRLM-002,CRLM-001,CRLM-005,CRLM-002,CRLM-001,CRLM-001,CRLM-005,CRLM-001,CRLM-004,CRLM-001,CRLM-002,CRLM-001,CRLM-006,CRLM-001,CRLM-002,CRLM-001,CRLM-007,CRLM-001,CRLM-003,CRLM-002,CRLM-001,CRLM-001,CRLM-005,CRLM-001,CRLM-002,CRLM-001,CRLM-002,CRLM-001,CRLM-005,CRLM-001,CRLM-005,CRLM-001,CRLM-003,CRLM-001,CRLM-006,CRLM-001,CRLM-003,CRLM-001,CRLM-006,CRLM-001,CRLM-004,CRLM-001,CRLM-002,CRLM-001,CRLM-010,CRLM-001,CRLM-007,CRLM-001,CRLM-004,CRLM-001,CRLM-002,CRLM-001,CRLM-015,CRLM-001,CRLM-003,CRLM-001,CRLM-020,CRLM-001,CRLM-003,CRLM-001,CRLM-003,CRLM-002,CRLM-001,CRLM-001,CRLM-003,CRLM-001,CRLM-003,CRLM-001,CRLM-008,CRLM-001,CRLM-006,CRLM-001,CRLM-004,CRLM-001,CRLM-004,CRLM-002,CRLM-001,CRLM-002,CRLM-001,CRLM-001,CRLM-006,CRLM-001,CRLM-008,CRLM-001,CRLM-009,CRLM-001,CRLM-004,CRLM-003,CRLM-001,CRLM-001,CRLM-007,CRLM-001,CRLM-002,CRLM-001,CRLM-005,CRLM-001,CRLM-009,CRLM-001,CRLM-011,CRLM-001,CRLM-016,CRLM-001,CRLM-003,CRLM-001,CRLM-010,CRLM-002,CRLM-001,CRLM-002,CRLM-001,CRLM-001,CRLM-005,CRLM-001,CRLM-005,CRLM-002,CRLM-001,CRLM-001,CRLM-011,CRLM-001,CRLM-005,CRLM-001,CRLM-003,CRLM-001,CRLM-002,CRLM-001,CRLM-004,CRLM-001,CRLM-006,CRLM-001,CRLM-002,CRLM-001,CRLM-006,CRLM-001,CRLM-004,CRLM-001,CRLM-004,CRLM-001,CRLM-003,CRLM-001,CRLM-002,CRLM-002,CRLM-001,CRLM-001,CRLM-002,CRLM-001,CRLM-004,CRLM-001,CRLM-008,CRLM-001,CRLM-007,CRLM-001,CRLM-003,CRLM-001,CRLM-004,CRLM-001,CRLM-013,CRLM-001,CRLM-002,CRLM-001,CRLM-005,CRLM-001,CRLM-011,CRLM-001,CRLM-002,CRLM-001,CRLM-005,CRLM-001,CRLM-011,CRLM-001,CRLM-004,CRLM-001,CRLM-002,CRLM-001,CRLM-005,CRLM-001,CRLM-003,CRLM-001,CRLM-008,CRLM-002,CRLM-001,CRLM-001,CRLM-004,CRLM-001,CRLM-007,CRLM-001,CRLM-008,CRLM-002,CRLM-001,CRLM-003,CRLM-001,CRLM-001,CRLM-002
1,CRLM-003,CRLM-008,CRLM-003,CRLM-007,CRLM-004,CRLM-002,CRLM-004,CRLM-003,CRLM-003,CRLM-004,CRLM-002,CRLM-009,CRLM-003,CRLM-010,CRLM-002,CRLM-007,CRLM-002,CRLM-009,CRLM-004,CRLM-003,CRLM-002,CRLM-008,CRLM-005,CRLM-003,CRLM-002,CRLM-008,CRLM-002,CRLM-008,CRLM-005,CRLM-003,CRLM-002,CRLM-006,CRLM-003,CRLM-006,CRLM-003,CRLM-004,CRLM-002,CRLM-010,CRLM-002,CRLM-009,CRLM-002,CRLM-004,CRLM-002,CRLM-016,CRLM-002,CRLM-007,CRLM-002,CRLM-008,CRLM-002,CRLM-007,CRLM-003,CRLM-011,CRLM-002,CRLM-018,CRLM-002,CRLM-009,CRLM-002,CRLM-013,CRLM-004,CRLM-003,CRLM-002,CRLM-022,CRLM-002,CRLM-016,CRLM-002,CRLM-025,CRLM-002,CRLM-007,CRLM-002,CRLM-020,CRLM-003,CRLM-006,CRLM-002,CRLM-006,CRLM-002,CRLM-012,CRLM-002,CRLM-016,CRLM-002,CRLM-007,CRLM-002,CRLM-009,CRLM-002,CRLM-006,CRLM-003,CRLM-013,CRLM-004,CRLM-003,CRLM-002,CRLM-008,CRLM-002,CRLM-011,CRLM-002,CRLM-010,CRLM-002,CRLM-015,CRLM-004,CRLM-002,CRLM-002,CRLM-014,CRLM-003,CRLM-006,CRLM-002,CRLM-017,CRLM-002,CRLM-011,CRLM-002,CRLM-019,CRLM-002,CRLM-020,CRLM-002,CRLM-007,CRLM-002,CRLM-013,CRLM-003,CRLM-005,CRLM-003,CRLM-011,CRLM-002,CRLM-007,CRLM-002,CRLM-017,CRLM-003,CRLM-006,CRLM-002,CRLM-018,CRLM-002,CRLM-009,CRLM-002,CRLM-004,CRLM-003,CRLM-004,CRLM-002,CRLM-015,CRLM-002,CRLM-007,CRLM-003,CRLM-017,CRLM-002,CRLM-014,CRLM-002,CRLM-009,CRLM-002,CRLM-009,CRLM-002,CRLM-008,CRLM-003,CRLM-015,CRLM-004,CRLM-003,CRLM-003,CRLM-005,CRLM-002,CRLM-007,CRLM-002,CRLM-012,CRLM-002,CRLM-012,CRLM-002,CRLM-004,CRLM-002,CRLM-007,CRLM-002,CRLM-018,CRLM-003,CRLM-004,CRLM-002,CRLM-007,CRLM-002,CRLM-023,CRLM-005,CRLM-003,CRLM-002,CRLM-007,CRLM-002,CRLM-012,CRLM-002,CRLM-011,CRLM-004,CRLM-003,CRLM-002,CRLM-009,CRLM-002,CRLM-011,CRLM-002,CRLM-009,CRLM-004,CRLM-003,CRLM-002,CRLM-014,CRLM-002,CRLM-019,CRLM-002,CRLM-011,CRLM-004,CRLM-003,CRLM-006,CRLM-002,CRLM-004,CRLM-003
2,CRLM-004,CRLM-015,CRLM-004,CRLM-012,CRLM-005,CRLM-007,CRLM-005,CRLM-010,CRLM-005,CRLM-009,CRLM-003,CRLM-011,CRLM-004,CRLM-012,CRLM-003,CRLM-011,CRLM-003,CRLM-013,CRLM-006,CRLM-005,CRLM-003,CRLM-013,CRLM-009,CRLM-004,CRLM-003,CRLM-010,CRLM-004,CRLM-009,CRLM-007,CRLM-004,CRLM-003,CRLM-007,CRLM-004,CRLM-015,CRLM-005,CRLM-006,CRLM-003,CRLM-018,CRLM-003,CRLM-011,CRLM-005,CRLM-007,CRLM-003,CRLM-022,CRLM-004,CRLM-012,CRLM-003,CRLM-012,CRLM-003,CRLM-010,CRLM-004,CRLM-012,CRLM-003,CRLM-023,CRLM-003,CRLM-010,CRLM-003,CRLM-015,CRLM-006,CRLM-005,CRLM-003,CRLM-036,CRLM-004,CRLM-018,CRLM-003,CRLM-030,CRLM-004,CRLM-015,CRLM-004,CRLM-022,CRLM-004,CRLM-015,CRLM-004,CRLM-008,CRLM-004,CRLM-014,CRLM-003,CRLM-020,CRLM-003,CRLM-009,CRLM-003,CRLM-012,CRLM-003,CRLM-008,CRLM-004,CRLM-016,CRLM-005,CRLM-017,CRLM-003,CRLM-010,CRLM-003,CRLM-020,CRLM-003,CRLM-012,CRLM-003,CRLM-034,CRLM-005,CRLM-007,CRLM-003,CRLM-020,CRLM-004,CRLM-009,CRLM-003,CRLM-024,CRLM-003,CRLM-019,CRLM-003,CRLM-026,CRLM-003,CRLM-027,CRLM-004,CRLM-009,CRLM-003,CRLM-016,CRLM-004,CRLM-017,CRLM-004,CRLM-019,CRLM-003,CRLM-009,CRLM-003,CRLM-019,CRLM-004,CRLM-012,CRLM-003,CRLM-020,CRLM-003,CRLM-022,CRLM-005,CRLM-015,CRLM-005,CRLM-006,CRLM-003,CRLM-019,CRLM-003,CRLM-012,CRLM-004,CRLM-018,CRLM-003,CRLM-024,CRLM-003,CRLM-010,CRLM-003,CRLM-015,CRLM-004,CRLM-010,CRLM-004,CRLM-016,CRLM-005,CRLM-009,CRLM-004,CRLM-008,CRLM-003,CRLM-012,CRLM-003,CRLM-017,CRLM-003,CRLM-013,CRLM-005,CRLM-007,CRLM-003,CRLM-010,CRLM-003,CRLM-019,CRLM-005,CRLM-009,CRLM-003,CRLM-012,CRLM-003,CRLM-025,CRLM-006,CRLM-004,CRLM-003,CRLM-009,CRLM-003,CRLM-014,CRLM-003,CRLM-013,CRLM-005,CRLM-010,CRLM-003,CRLM-014,CRLM-004,CRLM-016,CRLM-003,CRLM-012,CRLM-006,CRLM-005,CRLM-003,CRLM-019,CRLM-003,CRLM-025,CRLM-003,CRLM-020,CRLM-006,CRLM-005,CRLM-008,CRLM-004,CRLM-005,CRLM-007
3,CRLM-005,CRLM-019,CRLM-005,CRLM-013,CRLM-006,CRLM-008,CRLM-006,CRLM-011,CRLM-006,CRLM-014,CRLM-004,CRLM-017,CRLM-005,CRLM-014,CRLM-004,CRLM-013,CRLM-005,CRLM-017,CRLM-007,CRLM-008,CRLM-004,CRLM-017,CRLM-010,CRLM-006,CRLM-004,CRLM-018,CRLM-005,CRLM-012,CRLM-008,CRLM-006,CRLM-004,CRLM-010,CRLM-005,CRLM-016,CRLM-007,CRLM-009,CRLM-004,CRLM-028,CRLM-004,CRLM-016,CRLM-006,CRLM-015,CRLM-004,CRLM-024,CRLM-005,CRLM-017,CRLM-004,CRLM-015,CRLM-005,CRLM-014,CRLM-005,CRLM-017,CRLM-004,CRLM-024,CRLM-004,CRLM-014,CRLM-005,CRLM-019,CRLM-008,CRLM-007,CRLM-004,CRLM-042,CRLM-005,CRLM-021,CRLM-004,CRLM-031,CRLM-005,CRLM-018,CRLM-005,CRLM-024,CRLM-005,CRLM-018,CRLM-005,CRLM-011,CRLM-005,CRLM-016,CRLM-004,CRLM-021,CRLM-004,CRLM-010,CRLM-005,CRLM-013,CRLM-005,CRLM-010,CRLM-005,CRLM-018,CRLM-006,CRLM-019,CRLM-004,CRLM-012,CRLM-004,CRLM-028,CRLM-004,CRLM-013,CRLM-005,CRLM-040,CRLM-006,CRLM-010,CRLM-004,CRLM-023,CRLM-005,CRLM-013,CRLM-004,CRLM-026,CRLM-004,CRLM-020,CRLM-004,CRLM-036,CRLM-004,CRLM-028,CRLM-005,CRLM-015,CRLM-004,CRLM-019,CRLM-006,CRLM-018,CRLM-005,CRLM-027,CRLM-004,CRLM-018,CRLM-004,CRLM-021,CRLM-005,CRLM-030,CRLM-004,CRLM-030,CRLM-004,CRLM-027,CRLM-006,CRLM-022,CRLM-007,CRLM-011,CRLM-005,CRLM-020,CRLM-004,CRLM-021,CRLM-005,CRLM-026,CRLM-004,CRLM-031,CRLM-005,CRLM-011,CRLM-005,CRLM-021,CRLM-005,CRLM-019,CRLM-005,CRLM-020,CRLM-006,CRLM-011,CRLM-006,CRLM-010,CRLM-005,CRLM-013,CRLM-004,CRLM-019,CRLM-004,CRLM-020,CRLM-006,CRLM-011,CRLM-005,CRLM-016,CRLM-004,CRLM-024,CRLM-006,CRLM-011,CRLM-004,CRLM-016,CRLM-004,CRLM-027,CRLM-008,CRLM-007,CRLM-004,CRLM-011,CRLM-004,CRLM-017,CRLM-005,CRLM-017,CRLM-006,CRLM-014,CRLM-004,CRLM-018,CRLM-005,CRLM-018,CRLM-004,CRLM-013,CRLM-007,CRLM-010,CRLM-005,CRLM-022,CRLM-004,CRLM-026,CRLM-004,CRLM-023,CRLM-007,CRLM-008,CRLM-009,CRLM-005,CRLM-006,CRLM-028
4,CRLM-006,CRLM-022,CRLM-006,CRLM-014,CRLM-009,CRLM-014,CRLM-007,CRLM-022,CRLM-007,CRLM-018,CRLM-006,CRLM-020,CRLM-006,CRLM-015,CRLM-006,CRLM-014,CRLM-006,CRLM-021,CRLM-009,CRLM-011,CRLM-005,CRLM-021,CRLM-011,CRLM-007,CRLM-005,CRLM-021,CRLM-006,CRLM-019,CRLM-009,CRLM-017,CRLM-008,CRLM-013,CRLM-007,CRLM-020,CRLM-008,CRLM-022,CRLM-006,CRLM-029,CRLM-006,CRLM-017,CRLM-008,CRLM-017,CRLM-005,CRLM-025,CRLM-006,CRLM-019,CRLM-005,CRLM-016,CRLM-006,CRLM-016,CRLM-006,CRLM-025,CRLM-005,CRLM-027,CRLM-005,CRLM-016,CRLM-006,CRLM-020,CRLM-009,CRLM-016,CRLM-005,CRLM-043,CRLM-006,CRLM-029,CRLM-005,CRLM-032,CRLM-006,CRLM-021,CRLM-006,CRLM-025,CRLM-007,CRLM-026,CRLM-007,CRLM-013,CRLM-006,CRLM-025,CRLM-005,CRLM-025,CRLM-005,CRLM-013,CRLM-006,CRLM-014,CRLM-007,CRLM-011,CRLM-006,CRLM-020,CRLM-007,CRLM-026,CRLM-005,CRLM-016,CRLM-005,CRLM-029,CRLM-005,CRLM-014,CRLM-006,CRLM-041,CRLM-008,CRLM-012,CRLM-005,CRLM-025,CRLM-007,CRLM-022,CRLM-006,CRLM-032,CRLM-005,CRLM-025,CRLM-005,CRLM-037,CRLM-005,CRLM-039,CRLM-006,CRLM-016,CRLM-005,CRLM-024,CRLM-007,CRLM-019,CRLM-006,CRLM-029,CRLM-006,CRLM-023,CRLM-006,CRLM-025,CRLM-007,CRLM-040,CRLM-005,CRLM-037,CRLM-006,CRLM-030,CRLM-007,CRLM-024,CRLM-008,CRLM-019,CRLM-006,CRLM-021,CRLM-005,CRLM-023,CRLM-006,CRLM-027,CRLM-005,CRLM-033,CRLM-006,CRLM-026,CRLM-006,CRLM-023,CRLM-006,CRLM-029,CRLM-006,CRLM-022,CRLM-007,CRLM-012,CRLM-007,CRLM-011,CRLM-006,CRLM-016,CRLM-005,CRLM-022,CRLM-005,CRLM-021,CRLM-008,CRLM-020,CRLM-006,CRLM-018,CRLM-005,CRLM-028,CRLM-007,CRLM-013,CRLM-006,CRLM-020,CRLM-005,CRLM-030,CRLM-010,CRLM-009,CRLM-006,CRLM-018,CRLM-005,CRLM-042,CRLM-006,CRLM-021,CRLM-007,CRLM-015,CRLM-006,CRLM-021,CRLM-006,CRLM-032,CRLM-005,CRLM-014,CRLM-008,CRLM-017,CRLM-006,CRLM-024,CRLM-005,CRLM-034,CRLM-005,CRLM-027,CRLM-009,CRLM-011,CRLM-010,CRLM-007,CRLM-008,CRLM-034
5,CRLM-007,CRLM-024,CRLM-008,CRLM-017,CRLM-010,CRLM-017,CRLM-008,CRLM-031,CRLM-008,CRLM-024,CRLM-007,CRLM-034,CRLM-007,CRLM-019,CRLM-008,CRLM-018,CRLM-007,CRLM-026,CRLM-010,CRLM-022,CRLM-007,CRLM-029,CRLM-012,CRLM-008,CRLM-006,CRLM-029,CRLM-007,CRLM-035,CRLM-010,CRLM-026,CRLM-009,CRLM-018,CRLM-008,CRLM-035,CRLM-010,CRLM-025,CRLM-007,CRLM-036,CRLM-007,CRLM-028,CRLM-009,CRLM-022,CRLM-007,CRLM-029,CRLM-008,CRLM-022,CRLM-007,CRLM-019,CRLM-008,CRLM-029,CRLM-007,CRLM-026,CRLM-006,CRLM-029,CRLM-006,CRLM-020,CRLM-007,CRLM-024,CRLM-010,CRLM-023,CRLM-006,CRLM-047,CRLM-007,CRLM-047,CRLM-006,CRLM-036,CRLM-008,CRLM-026,CRLM-007,CRLM-027,CRLM-008,CRLM-031,CRLM-009,CRLM-014,CRLM-007,CRLM-030,CRLM-006,CRLM-027,CRLM-008,CRLM-016,CRLM-007,CRLM-016,CRLM-009,CRLM-014,CRLM-007,CRLM-030,CRLM-008,CRLM-030,CRLM-007,CRLM-017,CRLM-006,CRLM-039,CRLM-006,CRLM-015,CRLM-007,CRLM-042,CRLM-009,CRLM-013,CRLM-006,CRLM-026,CRLM-008,CRLM-029,CRLM-007,CRLM-037,CRLM-006,CRLM-030,CRLM-006,CRLM-039,CRLM-006,CRLM-041,CRLM-008,CRLM-026,CRLM-006,CRLM-030,CRLM-008,CRLM-023,CRLM-007,CRLM-030,CRLM-008,CRLM-031,CRLM-007,CRLM-027,CRLM-008,CRLM-041,CRLM-006,CRLM-042,CRLM-007,CRLM-037,CRLM-008,CRLM-033,CRLM-009,CRLM-020,CRLM-007,CRLM-023,CRLM-008,CRLM-030,CRLM-007,CRLM-029,CRLM-007,CRLM-043,CRLM-007,CRLM-029,CRLM-007,CRLM-025,CRLM-007,CRLM-036,CRLM-007,CRLM-023,CRLM-008,CRLM-017,CRLM-009,CRLM-012,CRLM-008,CRLM-017,CRLM-006,CRLM-030,CRLM-006,CRLM-023,CRLM-009,CRLM-039,CRLM-008,CRLM-019,CRLM-006,CRLM-030,CRLM-008,CRLM-018,CRLM-008,CRLM-021,CRLM-006,CRLM-031,CRLM-011,CRLM-017,CRLM-008,CRLM-019,CRLM-006,CRLM-044,CRLM-007,CRLM-030,CRLM-008,CRLM-019,CRLM-007,CRLM-026,CRLM-007,CRLM-035,CRLM-006,CRLM-015,CRLM-009,CRLM-021,CRLM-007,CRLM-025,CRLM-006,CRLM-035,CRLM-006,CRLM-028,CRLM-010,CRLM-019,CRLM-012,CRLM-011,CRLM-009,CRLM-043
6,CRLM-009,CRLM-035,CRLM-009,CRLM-018,CRLM-011,CRLM-019,CRLM-009,CRLM-037,CRLM-010,CRLM-035,CRLM-008,CRLM-043,CRLM-008,CRLM-032,CRLM-009,CRLM-028,CRLM-008,CRLM-029,CRLM-012,CRLM-023,CRLM-009,CRLM-031,CRLM-014,CRLM-013,CRLM-009,CRLM-036,CRLM-010,CRLM-036,CRLM-011,CRLM-031,CRLM-011,CRLM-019,CRLM-009,CRLM-043,CRLM-011,CRLM-027,CRLM-008,CRLM-038,CRLM-008,CRLM-031,CRLM-010,CRLM-028,CRLM-008,CRLM-030,CRLM-009,CRLM-026,CRLM-009,CRLM-020,CRLM-009,CRLM-042,CRLM-008,CRLM-029,CRLM-007,CRLM-033,CRLM-008,CRLM-025,CRLM-008,CRLM-026,CRLM-011,CRLM-035,CRLM-007,CRLM-051,CRLM-008,CRLM-050,CRLM-007,CRLM-038,CRLM-009,CRLM-029,CRLM-008,CRLM-029,CRLM-009,CRLM-036,CRLM-010,CRLM-015,CRLM-008,CRLM-033,CRLM-007,CRLM-028,CRLM-011,CRLM-017,CRLM-008,CRLM-020,CRLM-012,CRLM-015,CRLM-008,CRLM-032,CRLM-009,CRLM-035,CRLM-009,CRLM-018,CRLM-007,CRLM-040,CRLM-007,CRLM-019,CRLM-008,CRLM-044,CRLM-011,CRLM-019,CRLM-008,CRLM-029,CRLM-010,CRLM-032,CRLM-008,CRLM-046,CRLM-007,CRLM-031,CRLM-007,CRLM-044,CRLM-007,CRLM-046,CRLM-010,CRLM-038,CRLM-007,CRLM-031,CRLM-009,CRLM-025,CRLM-008,CRLM-031,CRLM-010,CRLM-035,CRLM-008,CRLM-032,CRLM-009,CRLM-043,CRLM-007,CRLM-048,CRLM-008,CRLM-042,CRLM-009,CRLM-035,CRLM-010,CRLM-022,CRLM-008,CRLM-032,CRLM-009,CRLM-039,CRLM-008,CRLM-031,CRLM-008,CRLM-044,CRLM-008,CRLM-030,CRLM-008,CRLM-026,CRLM-009,CRLM-045,CRLM-008,CRLM-028,CRLM-010,CRLM-022,CRLM-013,CRLM-015,CRLM-009,CRLM-024,CRLM-007,CRLM-031,CRLM-008,CRLM-027,CRLM-010,CRLM-040,CRLM-009,CRLM-023,CRLM-007,CRLM-031,CRLM-010,CRLM-021,CRLM-009,CRLM-025,CRLM-007,CRLM-039,CRLM-012,CRLM-019,CRLM-010,CRLM-021,CRLM-007,CRLM-052,CRLM-008,CRLM-031,CRLM-009,CRLM-022,CRLM-008,CRLM-029,CRLM-008,CRLM-038,CRLM-007,CRLM-020,CRLM-011,CRLM-023,CRLM-008,CRLM-033,CRLM-008,CRLM-037,CRLM-007,CRLM-032,CRLM-012,CRLM-021,CRLM-013,CRLM-017,CRLM-010,CRLM-052
7,CRLM-010,CRLM-042,CRLM-010,CRLM-019,CRLM-012,CRLM-020,CRLM-012,CRLM-040,CRLM-011,CRLM-036,CRLM-010,CRLM-049,CRLM-009,CRLM-035,CRLM-010,CRLM-035,CRLM-010,CRLM-036,CRLM-013,CRLM-040,CRLM-010,CRLM-034,CRLM-015,CRLM-017,CRLM-011,CRLM-038,CRLM-011,CRLM-037,CRLM-012,CRLM-034,CRLM-012,CRLM-022,CRLM-010,CRLM-048,CRLM-012,CRLM-033,CRLM-009,CRLM-041,CRLM-010,CRLM-033,CRLM-011,CRLM-034,CRLM-009,CRLM-037,CRLM-010,CRLM-042,CRLM-010,CRLM-027,CRLM-011,CRLM-045,CRLM-009,CRLM-038,CRLM-008,CRLM-038,CRLM-011,CRLM-029,CRLM-009,CRLM-034,CRLM-012,CRLM-044,CRLM-008,CRLM-058,CRLM-009,CRLM-055,CRLM-008,CRLM-051,CRLM-010,CRLM-030,CRLM-009,CRLM-053,CRLM-010,CRLM-043,CRLM-012,CRLM-020,CRLM-009,CRLM-035,CRLM-009,CRLM-031,CRLM-012,CRLM-024,CRLM-010,CRLM-021,CRLM-013,CRLM-019,CRLM-009,CRLM-043,CRLM-010,CRLM-037,CRLM-011,CRLM-030,CRLM-009,CRLM-041,CRLM-008,CRLM-022,CRLM-009,CRLM-047,CRLM-014,CRLM-026,CRLM-009,CRLM-031,CRLM-011,CRLM-037,CRLM-009,CRLM-052,CRLM-008,CRLM-032,CRLM-008,CRLM-045,CRLM-008,CRLM-053,CRLM-011,CRLM-040,CRLM-008,CRLM-034,CRLM-010,CRLM-028,CRLM-009,CRLM-033,CRLM-011,CRLM-037,CRLM-009,CRLM-035,CRLM-010,CRLM-044,CRLM-008,CRLM-053,CRLM-010,CRLM-048,CRLM-010,CRLM-037,CRLM-012,CRLM-025,CRLM-009,CRLM-043,CRLM-010,CRLM-040,CRLM-009,CRLM-034,CRLM-009,CRLM-051,CRLM-012,CRLM-036,CRLM-010,CRLM-029,CRLM-011,CRLM-049,CRLM-009,CRLM-040,CRLM-013,CRLM-031,CRLM-014,CRLM-021,CRLM-010,CRLM-031,CRLM-009,CRLM-040,CRLM-009,CRLM-028,CRLM-012,CRLM-042,CRLM-011,CRLM-026,CRLM-008,CRLM-033,CRLM-012,CRLM-026,CRLM-010,CRLM-032,CRLM-008,CRLM-040,CRLM-013,CRLM-024,CRLM-012,CRLM-024,CRLM-008,CRLM-054,CRLM-009,CRLM-037,CRLM-011,CRLM-029,CRLM-010,CRLM-032,CRLM-009,CRLM-039,CRLM-010,CRLM-033,CRLM-012,CRLM-024,CRLM-009,CRLM-038,CRLM-009,CRLM-042,CRLM-009,CRLM-037,CRLM-013,CRLM-024,CRLM-014,CRLM-024,CRLM-011,CRLM-053
8,CRLM-011,CRLM-044,CRLM-011,CRLM-023,CRLM-013,CRLM-024,CRLM-013,CRLM-047,CRLM-012,CRLM-040,CRLM-012,CRLM-050,CRLM-011,CRLM-037,CRLM-012,CRLM-039,CRLM-011,CRLM-041,CRLM-014,CRLM-042,CRLM-011,CRLM-037,CRLM-016,CRLM-026,CRLM-012,CRLM-040,CRLM-013,CRLM-040,CRLM-013,CRLM-039,CRLM-014,CRLM-044,CRLM-011,CRLM-049,CRLM-013,CRLM-035,CRLM-011,CRLM-044,CRLM-012,CRLM-037,CRLM-012,CRLM-040,CRLM-010,CRLM-038,CRLM-011,CRLM-045,CRLM-011,CRLM-029,CRLM-012,CRLM-047,CRLM-010,CRLM-047,CRLM-009,CRLM-044,CRLM-012,CRLM-041,CRLM-010,CRLM-043,CRLM-013,CRLM-046,CRLM-009,CRLM-060,CRLM-010,CRLM-058,CRLM-009,CRLM-052,CRLM-011,CRLM-031,CRLM-010,CRLM-055,CRLM-011,CRLM-052,CRLM-016,CRLM-024,CRLM-010,CRLM-045,CRLM-010,CRLM-037,CRLM-014,CRLM-028,CRLM-011,CRLM-028,CRLM-016,CRLM-022,CRLM-010,CRLM-045,CRLM-011,CRLM-044,CRLM-013,CRLM-032,CRLM-010,CRLM-042,CRLM-011,CRLM-027,CRLM-010,CRLM-048,CRLM-015,CRLM-030,CRLM-010,CRLM-032,CRLM-012,CRLM-038,CRLM-010,CRLM-056,CRLM-010,CRLM-033,CRLM-009,CRLM-050,CRLM-009,CRLM-055,CRLM-012,CRLM-041,CRLM-009,CRLM-041,CRLM-011,CRLM-030,CRLM-010,CRLM-037,CRLM-012,CRLM-038,CRLM-010,CRLM-036,CRLM-011,CRLM-047,CRLM-009,CRLM-059,CRLM-011,CRLM-053,CRLM-011,CRLM-041,CRLM-013,CRLM-038,CRLM-010,CRLM-046,CRLM-011,CRLM-041,CRLM-010,CRLM-049,CRLM-010,CRLM-055,CRLM-013,CRLM-037,CRLM-011,CRLM-034,CRLM-012,CRLM-050,CRLM-010,CRLM-042,CRLM-014,CRLM-046,CRLM-016,CRLM-022,CRLM-011,CRLM-034,CRLM-010,CRLM-047,CRLM-010,CRLM-037,CRLM-013,CRLM-053,CRLM-012,CRLM-030,CRLM-009,CRLM-040,CRLM-014,CRLM-030,CRLM-011,CRLM-039,CRLM-009,CRLM-043,CRLM-014,CRLM-028,CRLM-013,CRLM-029,CRLM-009,CRLM-057,CRLM-010,CRLM-047,CRLM-012,CRLM-035,CRLM-011,CRLM-034,CRLM-010,CRLM-044,CRLM-011,CRLM-048,CRLM-013,CRLM-037,CRLM-010,CRLM-043,CRLM-010,CRLM-051,CRLM-010,CRLM-047,CRLM-014,CRLM-027,CRLM-015,CRLM-028,CRLM-012,CRLM-054
9,CRLM-012,CRLM-046,CRLM-015,CRLM-026,CRLM-015,CRLM-025,CRLM-014,CRLM-048,CRLM-013,CRLM-041,CRLM-013,CRLM-054,CRLM-013,CRLM-040,CRLM-015,CRLM-052,CRLM-012,CRLM-046,CRLM-015,CRLM-055,CRLM-012,CRLM-049,CRLM-018,CRLM-027,CRLM-013,CRLM-041,CRLM-014,CRLM-043,CRLM-014,CRLM-040,CRLM-015,CRLM-046,CRLM-012,CRLM-050,CRLM-014,CRLM-050,CRLM-012,CRLM-053,CRLM-013,CRLM-042,CRLM-013,CRLM-048,CRLM-011,CRLM-043,CRLM-013,CRLM-046,CRLM-013,CRLM-044,CRLM-013,CRLM-050,CRLM-013,CRLM-048,CRLM-011,CRLM-045,CRLM-013,CRLM-047,CRLM-011,CRLM-046,CRLM-014,CRLM-047,CRLM-010,CRLM-061,CRLM-011,CRLM-060,CRLM-010,CRLM-054,CRLM-012,CRLM-039,CRLM-011,CRLM-058,CRLM-012,CRLM-054,CRLM-017,CRLM-040,CRLM-011,CRLM-049,CRLM-011,CRLM-050,CRLM-015,CRLM-037,CRLM-015,CRLM-029,CRLM-017,CRLM-025,CRLM-011,CRLM-058,CRLM-012,CRLM-053,CRLM-014,CRLM-037,CRLM-012,CRLM-055,CRLM-016,CRLM-030,CRLM-011,CRLM-051,CRLM-016,CRLM-031,CRLM-011,CRLM-039,CRLM-014,CRLM-040,CRLM-011,CRLM-058,CRLM-012,CRLM-036,CRLM-010,CRLM-052,CRLM-010,CRLM-056,CRLM-013,CRLM-043,CRLM-011,CRLM-044,CRLM-012,CRLM-037,CRLM-012,CRLM-044,CRLM-013,CRLM-046,CRLM-011,CRLM-042,CRLM-013,CRLM-049,CRLM-010,CRLM-060,CRLM-012,CRLM-055,CRLM-012,CRLM-049,CRLM-014,CRLM-040,CRLM-011,CRLM-050,CRLM-013,CRLM-046,CRLM-011,CRLM-050,CRLM-011,CRLM-060,CRLM-014,CRLM-039,CRLM-012,CRLM-037,CRLM-013,CRLM-054,CRLM-011,CRLM-044,CRLM-015,CRLM-047,CRLM-017,CRLM-026,CRLM-014,CRLM-037,CRLM-011,CRLM-050,CRLM-011,CRLM-051,CRLM-014,CRLM-062,CRLM-013,CRLM-040,CRLM-010,CRLM-041,CRLM-015,CRLM-042,CRLM-013,CRLM-041,CRLM-010,CRLM-048,CRLM-015,CRLM-029,CRLM-014,CRLM-039,CRLM-010,CRLM-059,CRLM-012,CRLM-054,CRLM-013,CRLM-040,CRLM-012,CRLM-037,CRLM-012,CRLM-055,CRLM-016,CRLM-049,CRLM-014,CRLM-046,CRLM-011,CRLM-046,CRLM-011,CRLM-062,CRLM-012,CRLM-054,CRLM-015,CRLM-034,CRLM-016,CRLM-036,CRLM-013,CRLM-057
10,CRLM-013,CRLM-049,CRLM-016,CRLM-028,CRLM-016,CRLM-043,CRLM-015,CRLM-057,CRLM-015,CRLM-048,CRLM-014,CRLM-055,CRLM-016,CRLM-051,CRLM-016,CRLM-056,CRLM-014,CRLM-061,CRLM-016,CRLM-059,CRLM-014,CRLM-052,CRLM-019,CRLM-042,CRLM-014,CRLM-046,CRLM-015,CRLM-051,CRLM-015,CRLM-043,CRLM-016,CRLM-053,CRLM-013,CRLM-052,CRLM-015,CRLM-057,CRLM-013,CRLM-054,CRLM-014,CRLM-044,CRLM-014,CRLM-049,CRLM-012,CRLM-047,CRLM-014,CRLM-052,CRLM-014,CRLM-045,CRLM-015,CRLM-055,CRLM-014,CRLM-051,CRLM-012,CRLM-046,CRLM-015,CRLM-056,CRLM-012,CRLM-048,CRLM-015,CRLM-052,CRLM-011,CRLM-062,CRLM-012,CRLM-066,CRLM-011,CRLM-060,CRLM-013,CRLM-042,CRLM-012,CRLM-061,CRLM-013,CRLM-055,CRLM-018,CRLM-045,CRLM-013,CRLM-051,CRLM-012,CRLM-052,CRLM-018,CRLM-046,CRLM-017,CRLM-034,CRLM-018,CRLM-026,CRLM-012,CRLM-061,CRLM-013,CRLM-056,CRLM-015,CRLM-048,CRLM-013,CRLM-062,CRLM-017,CRLM-033,CRLM-012,CRLM-052,CRLM-017,CRLM-043,CRLM-012,CRLM-040,CRLM-015,CRLM-058,CRLM-012,CRLM-059,CRLM-013,CRLM-037,CRLM-012,CRLM-054,CRLM-011,CRLM-059,CRLM-014,CRLM-049,CRLM-012,CRLM-045,CRLM-013,CRLM-038,CRLM-013,CRLM-047,CRLM-014,CRLM-049,CRLM-012,CRLM-044,CRLM-014,CRLM-052,CRLM-012,CRLM-061,CRLM-013,CRLM-058,CRLM-013,CRLM-053,CRLM-015,CRLM-049,CRLM-012,CRLM-052,CRLM-014,CRLM-050,CRLM-012,CRLM-053,CRLM-012,CRLM-062,CRLM-015,CRLM-042,CRLM-013,CRLM-039,CRLM-014,CRLM-055,CRLM-012,CRLM-048,CRLM-016,CRLM-051,CRLM-018,CRLM-041,CRLM-015,CRLM-038,CRLM-013,CRLM-053,CRLM-014,CRLM-052,CRLM-015,CRLM-066,CRLM-014,CRLM-045,CRLM-011,CRLM-045,CRLM-016,CRLM-049,CRLM-014,CRLM-042,CRLM-012,CRLM-061,CRLM-016,CRLM-032,CRLM-015,CRLM-042,CRLM-013,CRLM-066,CRLM-014,CRLM-055,CRLM-016,CRLM-048,CRLM-013,CRLM-038,CRLM-013,CRLM-056,CRLM-017,CRLM-052,CRLM-015,CRLM-052,CRLM-012,CRLM-048,CRLM-012,CRLM-063,CRLM-013,CRLM-060,CRLM-016,CRLM-038,CRLM-018,CRLM-037,CRLM-014,CRLM-061
11,CRLM-014,CRLM-055,CRLM-020,CRLM-034,CRLM-018,CRLM-044,CRLM-016,CRLM-058,CRLM-016,CRLM-062,CRLM-015,CRLM-056,CRLM-017,CRLM-056,CRLM-017,CRLM-065,CRLM-015,CRLM-063,CRLM-017,CRLM-066,CRLM-015,CRLM-053,CRLM-020,CRLM-043,CRLM-015,CRLM-053,CRLM-016,CRLM-066,CRLM-016,CRLM-050,CRLM-017,CRLM-058,CRLM-014,CRLM-053,CRLM-016,CRLM-060,CRLM-014,CRLM-063,CRLM-015,CRLM-045,CRLM-016,CRLM-057,CRLM-013,CRLM-049,CRLM-015,CRLM-061,CRLM-017,CRLM-050,CRLM-017,CRLM-064,CRLM-015,CRLM-053,CRLM-013,CRLM-053,CRLM-017,CRLM-057,CRLM-014,CRLM-049,CRLM-017,CRLM-053,CRLM-012,CRLM-064,CRLM-013,CRLM-068,CRLM-012,CRLM-065,CRLM-014,CRLM-046,CRLM-013,CRLM-062,CRLM-014,CRLM-057,CRLM-019,CRLM-051,CRLM-015,CRLM-052,CRLM-013,CRLM-060,CRLM-019,CRLM-051,CRLM-018,CRLM-046,CRLM-020,CRLM-030,CRLM-014,CRLM-063,CRLM-014,CRLM-062,CRLM-019,CRLM-050,CRLM-014,CRLM-064,CRLM-018,CRLM-051,CRLM-013,CRLM-053,CRLM-018,CRLM-045,CRLM-013,CRLM-049,CRLM-016,CRLM-064,CRLM-013,CRLM-061,CRLM-014,CRLM-039,CRLM-013,CRLM-062,CRLM-012,CRLM-060,CRLM-017,CRLM-060,CRLM-014,CRLM-050,CRLM-014,CRLM-040,CRLM-014,CRLM-048,CRLM-015,CRLM-050,CRLM-013,CRLM-053,CRLM-015,CRLM-056,CRLM-013,CRLM-062,CRLM-014,CRLM-066,CRLM-014,CRLM-054,CRLM-016,CRLM-053,CRLM-013,CRLM-067,CRLM-015,CRLM-055,CRLM-013,CRLM-054,CRLM-013,CRLM-066,CRLM-016,CRLM-050,CRLM-014,CRLM-051,CRLM-015,CRLM-057,CRLM-013,CRLM-052,CRLM-018,CRLM-070,CRLM-019,CRLM-043,CRLM-018,CRLM-040,CRLM-014,CRLM-054,CRLM-015,CRLM-053,CRLM-016,CRLM-068,CRLM-015,CRLM-048,CRLM-012,CRLM-046,CRLM-017,CRLM-051,CRLM-015,CRLM-053,CRLM-013,CRLM-062,CRLM-018,CRLM-036,CRLM-016,CRLM-054,CRLM-015,CRLM-068,CRLM-015,CRLM-056,CRLM-017,CRLM-050,CRLM-015,CRLM-048,CRLM-014,CRLM-062,CRLM-018,CRLM-058,CRLM-016,CRLM-053,CRLM-013,CRLM-049,CRLM-013,CRLM-066,CRLM-014,CRLM-062,CRLM-017,CRLM-039,CRLM-019,CRLM-051,CRLM-015,CRLM-064
12,CRLM-016,CRLM-064,CRLM-021,CRLM-048,CRLM-021,CRLM-049,CRLM-017,CRLM-061,CRLM-017,CRLM-063,CRLM-016,CRLM-058,CRLM-018,CRLM-062,CRLM-019,CRLM-068,CRLM-016,CRLM-068,CRLM-018,CRLM-069,CRLM-016,CRLM-060,CRLM-021,CRLM-046,CRLM-016,CRLM-067,CRLM-017,CRLM-067,CRLM-018,CRLM-051,CRLM-020,CRLM-063,CRLM-017,CRLM-054,CRLM-017,CRLM-063,CRLM-015,CRLM-068,CRLM-018,CRLM-052,CRLM-018,CRLM-058,CRLM-014,CRLM-063,CRLM-016,CRLM-062,CRLM-018,CRLM-052,CRLM-018,CRLM-065,CRLM-016,CRLM-058,CRLM-014,CRLM-055,CRLM-018,CRLM-066,CRLM-016,CRLM-052,CRLM-018,CRLM-064,CRLM-013,CRLM-068,CRLM-014,CRLM-070,CRLM-013,CRLM-066,CRLM-016,CRLM-049,CRLM-014,CRLM-066,CRLM-016,CRLM-063,CRLM-021,CRLM-056,CRLM-017,CRLM-055,CRLM-014,CRLM-061,CRLM-020,CRLM-052,CRLM-019,CRLM-048,CRLM-021,CRLM-042,CRLM-015,CRLM-069,CRLM-015,CRLM-068,CRLM-020,CRLM-054,CRLM-015,CRLM-065,CRLM-020,CRLM-067,CRLM-014,CRLM-054,CRLM-020,CRLM-049,CRLM-015,CRLM-054,CRLM-017,CRLM-065,CRLM-014,CRLM-063,CRLM-015,CRLM-045,CRLM-014,CRLM-063,CRLM-013,CRLM-065,CRLM-018,CRLM-062,CRLM-015,CRLM-063,CRLM-015,CRLM-051,CRLM-015,CRLM-049,CRLM-016,CRLM-057,CRLM-014,CRLM-061,CRLM-016,CRLM-059,CRLM-014,CRLM-069,CRLM-015,CRLM-070,CRLM-016,CRLM-056,CRLM-017,CRLM-054,CRLM-014,CRLM-069,CRLM-016,CRLM-061,CRLM-014,CRLM-057,CRLM-015,CRLM-071,CRLM-017,CRLM-054,CRLM-016,CRLM-052,CRLM-016,CRLM-060,CRLM-014,CRLM-057,CRLM-019,CRLM-073,CRLM-020,CRLM-046,CRLM-019,CRLM-045,CRLM-015,CRLM-055,CRLM-016,CRLM-071,CRLM-017,CRLM-071,CRLM-017,CRLM-057,CRLM-014,CRLM-050,CRLM-019,CRLM-053,CRLM-017,CRLM-063,CRLM-014,CRLM-064,CRLM-020,CRLM-037,CRLM-017,CRLM-064,CRLM-016,CRLM-069,CRLM-016,CRLM-058,CRLM-018,CRLM-062,CRLM-016,CRLM-049,CRLM-015,CRLM-067,CRLM-019,CRLM-060,CRLM-018,CRLM-055,CRLM-015,CRLM-054,CRLM-014,CRLM-067,CRLM-015,CRLM-066,CRLM-018,CRLM-040,CRLM-020,CRLM-054,CRLM-016,CRLM-066
13,CRLM-017,CRLM-068,CRLM-022,CRLM-060,CRLM-022,CRLM-060,CRLM-018,CRLM-066,CRLM-019,CRLM-065,CRLM-018,CRLM-060,CRLM-020,CRLM-066,CRLM-020,CRLM-071,CRLM-018,CRLM-073,CRLM-019,CRLM-070,CRLM-018,CRLM-062,CRLM-022,CRLM-063,CRLM-017,CRLM-069,CRLM-018,CRLM-070,CRLM-019,CRLM-058,CRLM-021,CRLM-065,CRLM-018,CRLM-059,CRLM-018,CRLM-066,CRLM-016,CRLM-070,CRLM-019,CRLM-057,CRLM-019,CRLM-060,CRLM-015,CRLM-065,CRLM-018,CRLM-063,CRLM-021,CRLM-058,CRLM-019,CRLM-067,CRLM-018,CRLM-071,CRLM-015,CRLM-059,CRLM-019,CRLM-073,CRLM-017,CRLM-063,CRLM-019,CRLM-071,CRLM-014,CRLM-073,CRLM-015,CRLM-071,CRLM-014,CRLM-072,CRLM-017,CRLM-060,CRLM-015,CRLM-067,CRLM-017,CRLM-064,CRLM-022,CRLM-060,CRLM-018,CRLM-057,CRLM-015,CRLM-065,CRLM-021,CRLM-058,CRLM-022,CRLM-050,CRLM-023,CRLM-059,CRLM-017,CRLM-071,CRLM-016,CRLM-073,CRLM-021,CRLM-060,CRLM-016,CRLM-071,CRLM-021,CRLM-069,CRLM-016,CRLM-067,CRLM-021,CRLM-052,CRLM-016,CRLM-056,CRLM-018,CRLM-068,CRLM-015,CRLM-066,CRLM-016,CRLM-052,CRLM-015,CRLM-064,CRLM-014,CRLM-068,CRLM-019,CRLM-063,CRLM-017,CRLM-064,CRLM-016,CRLM-059,CRLM-016,CRLM-050,CRLM-017,CRLM-060,CRLM-015,CRLM-062,CRLM-017,CRLM-073,CRLM-015,CRLM-070,CRLM-016,CRLM-074,CRLM-017,CRLM-059,CRLM-018,CRLM-066,CRLM-016,CRLM-074,CRLM-017,CRLM-062,CRLM-015,CRLM-059,CRLM-016,CRLM-072,CRLM-018,CRLM-060,CRLM-017,CRLM-056,CRLM-017,CRLM-068,CRLM-017,CRLM-060,CRLM-020,CRLM-074,CRLM-023,CRLM-053,CRLM-020,CRLM-049,CRLM-016,CRLM-058,CRLM-017,CRLM-072,CRLM-018,CRLM-072,CRLM-020,CRLM-060,CRLM-015,CRLM-051,CRLM-020,CRLM-066,CRLM-018,CRLM-075,CRLM-015,CRLM-065,CRLM-021,CRLM-052,CRLM-020,CRLM-066,CRLM-018,CRLM-070,CRLM-018,CRLM-068,CRLM-020,CRLM-066,CRLM-017,CRLM-053,CRLM-017,CRLM-071,CRLM-021,CRLM-064,CRLM-019,CRLM-056,CRLM-016,CRLM-064,CRLM-015,CRLM-068,CRLM-016,CRLM-069,CRLM-020,CRLM-043,CRLM-021,CRLM-058,CRLM-017,CRLM-068
14,CRLM-018,CRLM-069,CRLM-024,CRLM-072,CRLM-023,CRLM-062,CRLM-019,CRLM-075,CRLM-020,CRLM-072,CRLM-019,CRLM-073,CRLM-021,CRLM-067,CRLM-021,CRLM-075,CRLM-019,CRLM-075,CRLM-020,CRLM-072,CRLM-019,CRLM-073,CRLM-023,CRLM-065,CRLM-019,CRLM-073,CRLM-020,CRLM-071,CRLM-020,CRLM-063,CRLM-023,CRLM-070,CRLM-019,CRLM-060,CRLM-019,CRLM-069,CRLM-017,CRLM-074,CRLM-020,CRLM-073,CRLM-020,CRLM-070,CRLM-017,CRLM-069,CRLM-020,CRLM-064,CRLM-022,CRLM-062,CRLM-020,CRLM-072,CRLM-019,CRLM-073,CRLM-016,CRLM-067,CRLM-021,CRLM-076,CRLM-018,CRLM-071,CRLM-020,CRLM-076,CRLM-016,CRLM-076,CRLM-017,CRLM-072,CRLM-015,CRLM-075,CRLM-019,CRLM-069,CRLM-016,CRLM-070,CRLM-019,CRLM-065,CRLM-023,CRLM-067,CRLM-019,CRLM-063,CRLM-017,CRLM-066,CRLM-022,CRLM-062,CRLM-023,CRLM-057,CRLM-024,CRLM-068,CRLM-019,CRLM-074,CRLM-018,CRLM-076,CRLM-022,CRLM-065,CRLM-017,CRLM-073,CRLM-023,CRLM-072,CRLM-017,CRLM-068,CRLM-022,CRLM-062,CRLM-017,CRLM-063,CRLM-019,CRLM-070,CRLM-016,CRLM-070,CRLM-017,CRLM-072,CRLM-016,CRLM-069,CRLM-015,CRLM-071,CRLM-020,CRLM-074,CRLM-018,CRLM-071,CRLM-020,CRLM-062,CRLM-017,CRLM-067,CRLM-019,CRLM-062,CRLM-016,CRLM-064,CRLM-018,CRLM-075,CRLM-016,CRLM-072,CRLM-017,CRLM-076,CRLM-018,CRLM-062,CRLM-021,CRLM-068,CRLM-017,CRLM-075,CRLM-018,CRLM-068,CRLM-016,CRLM-061,CRLM-017,CRLM-075,CRLM-019,CRLM-075,CRLM-018,CRLM-076,CRLM-018,CRLM-071,CRLM-018,CRLM-067,CRLM-021,CRLM-075,CRLM-024,CRLM-056,CRLM-021,CRLM-056,CRLM-018,CRLM-060,CRLM-018,CRLM-075,CRLM-019,CRLM-076,CRLM-021,CRLM-062,CRLM-016,CRLM-070,CRLM-022,CRLM-073,CRLM-019,CRLM-076,CRLM-016,CRLM-071,CRLM-022,CRLM-070,CRLM-022,CRLM-072,CRLM-019,CRLM-073,CRLM-019,CRLM-076,CRLM-021,CRLM-071,CRLM-019,CRLM-073,CRLM-019,CRLM-073,CRLM-022,CRLM-065,CRLM-020,CRLM-057,CRLM-017,CRLM-076,CRLM-016,CRLM-071,CRLM-017,CRLM-075,CRLM-022,CRLM-048,CRLM-022,CRLM-076,CRLM-018,CRLM-069
15,CRLM-020,CRLM-075,CRLM-025,CRLM-076,CRLM-026,CRLM-069,CRLM-020,CRLM-077,CRLM-021,CRLM-073,CRLM-021,CRLM-077,CRLM-022,CRLM-076,CRLM-022,CRLM-077,CRLM-020,CRLM-076,CRLM-021,CRLM-077,CRLM-020,CRLM-076,CRLM-024,CRLM-074,CRLM-020,CRLM-077,CRLM-021,CRLM-076,CRLM-021,CRLM-065,CRLM-024,CRLM-074,CRLM-021,CRLM-065,CRLM-020,CRLM-075,CRLM-019,CRLM-077,CRLM-021,CRLM-074,CRLM-021,CRLM-076,CRLM-018,CRLM-074,CRLM-021,CRLM-074,CRLM-023,CRLM-073,CRLM-021,CRLM-076,CRLM-020,CRLM-077,CRLM-017,CRLM-075,CRLM-022,CRLM-077,CRLM-021,CRLM-077,CRLM-021,CRLM-077,CRLM-017,CRLM-077,CRLM-019,CRLM-073,CRLM-016,CRLM-076,CRLM-020,CRLM-075,CRLM-017,CRLM-072,CRLM-020,CRLM-069,CRLM-025,CRLM-077,CRLM-020,CRLM-069,CRLM-018,CRLM-072,CRLM-023,CRLM-069,CRLM-024,CRLM-059,CRLM-027,CRLM-071,CRLM-021,CRLM-076,CRLM-020,CRLM-077,CRLM-023,CRLM-071,CRLM-018,CRLM-077,CRLM-024,CRLM-074,CRLM-018,CRLM-070,CRLM-023,CRLM-063,CRLM-018,CRLM-067,CRLM-020,CRLM-075,CRLM-018,CRLM-076,CRLM-018,CRLM-074,CRLM-017,CRLM-072,CRLM-017,CRLM-074,CRLM-021,CRLM-075,CRLM-020,CRLM-077,CRLM-021,CRLM-074,CRLM-018,CRLM-072,CRLM-020,CRLM-071,CRLM-018,CRLM-069,CRLM-019,CRLM-077,CRLM-017,CRLM-075,CRLM-018,CRLM-077,CRLM-019,CRLM-071,CRLM-023,CRLM-069,CRLM-018,CRLM-077,CRLM-019,CRLM-073,CRLM-019,CRLM-069,CRLM-018,CRLM-076,CRLM-020,CRLM-077,CRLM-019,CRLM-077,CRLM-020,CRLM-074,CRLM-019,CRLM-073,CRLM-023,CRLM-077,CRLM-025,CRLM-065,CRLM-022,CRLM-071,CRLM-020,CRLM-069,CRLM-019,CRLM-077,CRLM-021,CRLM-077,CRLM-022,CRLM-072,CRLM-017,CRLM-071,CRLM-023,CRLM-074,CRLM-022,CRLM-077,CRLM-017,CRLM-072,CRLM-023,CRLM-072,CRLM-023,CRLM-074,CRLM-020,CRLM-075,CRLM-020,CRLM-077,CRLM-023,CRLM-077,CRLM-020,CRLM-077,CRLM-020,CRLM-077,CRLM-023,CRLM-073,CRLM-022,CRLM-068,CRLM-018,CRLM-077,CRLM-017,CRLM-074,CRLM-018,CRLM-076,CRLM-023,CRLM-066,CRLM-023,CRLM-077,CRLM-019,CRLM-076
16,CRLM-021,,CRLM-027,,CRLM-027,,CRLM-021,,CRLM-022,,CRLM-022,,CRLM-023,,CRLM-023,,CRLM-022,,CRLM-024,,CRLM-022,,CRLM-025,,CRLM-022,,CRLM-022,,CRLM-022,,CRLM-025,,CRLM-022,,CRLM-021,,CRLM-020,,CRLM-022,,CRLM-023,,CRLM-019,,CRLM-023,,CRLM-024,,CRLM-022,,CRLM-021,,CRLM-019,,CRLM-023,,CRLM-022,,CRLM-022,,CRLM-018,,CRLM-020,,CRLM-017,,CRLM-022,,CRLM-018,,CRLM-021,,CRLM-026,,CRLM-021,,CRLM-019,,CRLM-025,,CRLM-025,,CRLM-028,,CRLM-022,,CRLM-021,,CRLM-024,,CRLM-019,,CRLM-025,,CRLM-019,,CRLM-024,,CRLM-019,,CRLM-021,,CRLM-019,,CRLM-021,,CRLM-018,,CRLM-018,,CRLM-022,,CRLM-021,,CRLM-022,,CRLM-020,,CRLM-021,,CRLM-020,,CRLM-020,,CRLM-019,,CRLM-019,,CRLM-020,,CRLM-024,,CRLM-022,,CRLM-020,,CRLM-020,,CRLM-019,,CRLM-021,,CRLM-020,,CRLM-021,,CRLM-021,,CRLM-024,,CRLM-027,,CRLM-023,,CRLM-021,,CRLM-022,,CRLM-022,,CRLM-024,,CRLM-020,,CRLM-024,,CRLM-023,,CRLM-018,,CRLM-025,,CRLM-025,,CRLM-021,,CRLM-022,,CRLM-024,,CRLM-022,,CRLM-021,,CRLM-024,,CRLM-025,,CRLM-020,,CRLM-018,,CRLM-019,,CRLM-025,,CRLM-025,,CRLM-020,
17,CRLM-023,,CRLM-029,,CRLM-028,,CRLM-023,,CRLM-023,,CRLM-023,,CRLM-024,,CRLM-024,,CRLM-023,,CRLM-025,,CRLM-023,,CRLM-028,,CRLM-023,,CRLM-023,,CRLM-023,,CRLM-026,,CRLM-023,,CRLM-023,,CRLM-021,,CRLM-023,,CRLM-024,,CRLM-020,,CRLM-024,,CRLM-025,,CRLM-023,,CRLM-022,,CRLM-020,,CRLM-024,,CRLM-023,,CRLM-024,,CRLM-019,,CRLM-022,,CRLM-018,,CRLM-023,,CRLM-019,,CRLM-022,,CRLM-027,,CRLM-022,,CRLM-022,,CRLM-026,,CRLM-026,,CRLM-029,,CRLM-023,,CRLM-022,,CRLM-025,,CRLM-021,,CRLM-026,,CRLM-020,,CRLM-025,,CRLM-021,,CRLM-023,,CRLM-020,,CRLM-022,,CRLM-020,,CRLM-019,,CRLM-023,,CRLM-022,,CRLM-024,,CRLM-021,,CRLM-022,,CRLM-022,,CRLM-021,,CRLM-021,,CRLM-020,,CRLM-021,,CRLM-026,,CRLM-024,,CRLM-022,,CRLM-021,,CRLM-020,,CRLM-022,,CRLM-022,,CRLM-022,,CRLM-024,,CRLM-025,,CRLM-028,,CRLM-025,,CRLM-023,,CRLM-024,,CRLM-023,,CRLM-025,,CRLM-021,,CRLM-025,,CRLM-024,,CRLM-019,,CRLM-026,,CRLM-026,,CRLM-022,,CRLM-023,,CRLM-025,,CRLM-023,,CRLM-022,,CRLM-025,,CRLM-026,,CRLM-021,,CRLM-020,,CRLM-021,,CRLM-026,,CRLM-026,,CRLM-021,
18,CRLM-025,,CRLM-030,,CRLM-029,,CRLM-024,,CRLM-025,,CRLM-024,,CRLM-025,,CRLM-025,,CRLM-024,,CRLM-026,,CRLM-024,,CRLM-029,,CRLM-024,,CRLM-024,,CRLM-024,,CRLM-027,,CRLM-024,,CRLM-024,,CRLM-022,,CRLM-024,,CRLM-025,,CRLM-021,,CRLM-025,,CRLM-026,,CRLM-024,,CRLM-023,,CRLM-021,,CRLM-026,,CRLM-025,,CRLM-025,,CRLM-020,,CRLM-023,,CRLM-019,,CRLM-024,,CRLM-021,,CRLM-023,,CRLM-028,,CRLM-023,,CRLM-023,,CRLM-027,,CRLM-027,,CRLM-031,,CRLM-024,,CRLM-023,,CRLM-026,,CRLM-022,,CRLM-028,,CRLM-021,,CRLM-027,,CRLM-022,,CRLM-024,,CRLM-021,,CRLM-023,,CRLM-021,,CRLM-021,,CRLM-024,,CRLM-023,,CRLM-026,,CRLM-022,,CRLM-024,,CRLM-023,,CRLM-022,,CRLM-022,,CRLM-021,,CRLM-023,,CRLM-027,,CRLM-025,,CRLM-024,,CRLM-022,,CRLM-021,,CRLM-023,,CRLM-024,,CRLM-023,,CRLM-025,,CRLM-026,,CRLM-029,,CRLM-026,,CRLM-024,,CRLM-025,,CRLM-024,,CRLM-027,,CRLM-022,,CRLM-027,,CRLM-026,,CRLM-020,,CRLM-027,,CRLM-027,,CRLM-023,,CRLM-024,,CRLM-026,,CRLM-024,,CRLM-023,,CRLM-026,,CRLM-027,,CRLM-023,,CRLM-021,,CRLM-022,,CRLM-028,,CRLM-027,,CRLM-022,
19,CRLM-026,,CRLM-031,,CRLM-030,,CRLM-025,,CRLM-026,,CRLM-025,,CRLM-026,,CRLM-026,,CRLM-025,,CRLM-027,,CRLM-025,,CRLM-030,,CRLM-025,,CRLM-025,,CRLM-025,,CRLM-028,,CRLM-025,,CRLM-026,,CRLM-023,,CRLM-025,,CRLM-026,,CRLM-023,,CRLM-027,,CRLM-028,,CRLM-025,,CRLM-024,,CRLM-022,,CRLM-027,,CRLM-027,,CRLM-026,,CRLM-021,,CRLM-024,,CRLM-021,,CRLM-025,,CRLM-023,,CRLM-024,,CRLM-029,,CRLM-024,,CRLM-024,,CRLM-029,,CRLM-030,,CRLM-032,,CRLM-025,,CRLM-024,,CRLM-027,,CRLM-023,,CRLM-029,,CRLM-022,,CRLM-028,,CRLM-024,,CRLM-025,,CRLM-022,,CRLM-024,,CRLM-022,,CRLM-022,,CRLM-025,,CRLM-025,,CRLM-027,,CRLM-023,,CRLM-025,,CRLM-024,,CRLM-023,,CRLM-023,,CRLM-023,,CRLM-025,,CRLM-028,,CRLM-026,,CRLM-025,,CRLM-023,,CRLM-022,,CRLM-024,,CRLM-027,,CRLM-024,,CRLM-026,,CRLM-027,,CRLM-030,,CRLM-027,,CRLM-025,,CRLM-026,,CRLM-025,,CRLM-028,,CRLM-023,,CRLM-028,,CRLM-027,,CRLM-021,,CRLM-030,,CRLM-028,,CRLM-024,,CRLM-025,,CRLM-027,,CRLM-025,,CRLM-024,,CRLM-027,,CRLM-028,,CRLM-026,,CRLM-022,,CRLM-024,,CRLM-029,,CRLM-029,,CRLM-023,
20,CRLM-027,,CRLM-032,,CRLM-031,,CRLM-026,,CRLM-027,,CRLM-026,,CRLM-027,,CRLM-027,,CRLM-027,,CRLM-028,,CRLM-026,,CRLM-031,,CRLM-026,,CRLM-026,,CRLM-027,,CRLM-029,,CRLM-026,,CRLM-028,,CRLM-024,,CRLM-026,,CRLM-027,,CRLM-026,,CRLM-028,,CRLM-030,,CRLM-026,,CRLM-027,,CRLM-025,,CRLM-028,,CRLM-028,,CRLM-027,,CRLM-023,,CRLM-025,,CRLM-022,,CRLM-027,,CRLM-026,,CRLM-025,,CRLM-030,,CRLM-026,,CRLM-026,,CRLM-030,,CRLM-031,,CRLM-033,,CRLM-026,,CRLM-025,,CRLM-028,,CRLM-024,,CRLM-031,,CRLM-023,,CRLM-029,,CRLM-027,,CRLM-026,,CRLM-023,,CRLM-026,,CRLM-023,,CRLM-023,,CRLM-027,,CRLM-026,,CRLM-029,,CRLM-024,,CRLM-026,,CRLM-026,,CRLM-024,,CRLM-024,,CRLM-024,,CRLM-026,,CRLM-029,,CRLM-027,,CRLM-026,,CRLM-024,,CRLM-023,,CRLM-025,,CRLM-028,,CRLM-025,,CRLM-027,,CRLM-028,,CRLM-031,,CRLM-028,,CRLM-026,,CRLM-029,,CRLM-026,,CRLM-029,,CRLM-025,,CRLM-029,,CRLM-028,,CRLM-022,,CRLM-031,,CRLM-030,,CRLM-025,,CRLM-026,,CRLM-028,,CRLM-027,,CRLM-025,,CRLM-028,,CRLM-029,,CRLM-027,,CRLM-023,,CRLM-025,,CRLM-030,,CRLM-030,,CRLM-024,
21,CRLM-028,,CRLM-033,,CRLM-032,,CRLM-027,,CRLM-028,,CRLM-027,,CRLM-028,,CRLM-029,,CRLM-028,,CRLM-029,,CRLM-027,,CRLM-032,,CRLM-027,,CRLM-027,,CRLM-028,,CRLM-030,,CRLM-027,,CRLM-029,,CRLM-025,,CRLM-027,,CRLM-029,,CRLM-027,,CRLM-029,,CRLM-031,,CRLM-027,,CRLM-028,,CRLM-026,,CRLM-030,,CRLM-029,,CRLM-028,,CRLM-024,,CRLM-026,,CRLM-023,,CRLM-028,,CRLM-028,,CRLM-027,,CRLM-031,,CRLM-027,,CRLM-029,,CRLM-031,,CRLM-032,,CRLM-034,,CRLM-027,,CRLM-027,,CRLM-029,,CRLM-025,,CRLM-032,,CRLM-024,,CRLM-032,,CRLM-028,,CRLM-027,,CRLM-025,,CRLM-027,,CRLM-024,,CRLM-024,,CRLM-028,,CRLM-027,,CRLM-031,,CRLM-025,,CRLM-027,,CRLM-028,,CRLM-025,,CRLM-025,,CRLM-025,,CRLM-027,,CRLM-030,,CRLM-028,,CRLM-027,,CRLM-025,,CRLM-025,,CRLM-027,,CRLM-030,,CRLM-026,,CRLM-029,,CRLM-029,,CRLM-032,,CRLM-029,,CRLM-027,,CRLM-030,,CRLM-027,,CRLM-031,,CRLM-026,,CRLM-031,,CRLM-029,,CRLM-024,,CRLM-033,,CRLM-031,,CRLM-026,,CRLM-027,,CRLM-030,,CRLM-028,,CRLM-026,,CRLM-029,,CRLM-030,,CRLM-028,,CRLM-024,,CRLM-026,,CRLM-031,,CRLM-031,,CRLM-025,
22,CRLM-029,,CRLM-035,,CRLM-033,,CRLM-028,,CRLM-029,,CRLM-028,,CRLM-029,,CRLM-030,,CRLM-030,,CRLM-030,,CRLM-028,,CRLM-033,,CRLM-028,,CRLM-028,,CRLM-029,,CRLM-031,,CRLM-028,,CRLM-030,,CRLM-026,,CRLM-029,,CRLM-030,,CRLM-028,,CRLM-030,,CRLM-032,,CRLM-028,,CRLM-030,,CRLM-028,,CRLM-031,,CRLM-030,,CRLM-029,,CRLM-025,,CRLM-027,,CRLM-024,,CRLM-032,,CRLM-030,,CRLM-028,,CRLM-032,,CRLM-028,,CRLM-030,,CRLM-032,,CRLM-033,,CRLM-035,,CRLM-028,,CRLM-028,,CRLM-031,,CRLM-026,,CRLM-034,,CRLM-025,,CRLM-033,,CRLM-030,,CRLM-028,,CRLM-027,,CRLM-028,,CRLM-025,,CRLM-025,,CRLM-029,,CRLM-028,,CRLM-032,,CRLM-026,,CRLM-028,,CRLM-029,,CRLM-026,,CRLM-026,,CRLM-026,,CRLM-028,,CRLM-031,,CRLM-029,,CRLM-028,,CRLM-028,,CRLM-026,,CRLM-028,,CRLM-031,,CRLM-027,,CRLM-030,,CRLM-030,,CRLM-033,,CRLM-030,,CRLM-028,,CRLM-031,,CRLM-028,,CRLM-032,,CRLM-027,,CRLM-032,,CRLM-030,,CRLM-026,,CRLM-034,,CRLM-032,,CRLM-027,,CRLM-028,,CRLM-031,,CRLM-030,,CRLM-027,,CRLM-030,,CRLM-031,,CRLM-029,,CRLM-027,,CRLM-029,,CRLM-032,,CRLM-032,,CRLM-026,
23,CRLM-030,,CRLM-036,,CRLM-034,,CRLM-029,,CRLM-030,,CRLM-029,,CRLM-030,,CRLM-031,,CRLM-031,,CRLM-031,,CRLM-030,,CRLM-034,,CRLM-030,,CRLM-029,,CRLM-030,,CRLM-032,,CRLM-029,,CRLM-031,,CRLM-027,,CRLM-030,,CRLM-031,,CRLM-031,,CRLM-031,,CRLM-033,,CRLM-030,,CRLM-031,,CRLM-030,,CRLM-032,,CRLM-031,,CRLM-030,,CRLM-026,,CRLM-028,,CRLM-026,,CRLM-033,,CRLM-031,,CRLM-029,,CRLM-033,,CRLM-029,,CRLM-032,,CRLM-033,,CRLM-035,,CRLM-036,,CRLM-029,,CRLM-029,,CRLM-033,,CRLM-027,,CRLM-035,,CRLM-026,,CRLM-034,,CRLM-033,,CRLM-030,,CRLM-028,,CRLM-029,,CRLM-027,,CRLM-026,,CRLM-030,,CRLM-029,,CRLM-033,,CRLM-028,,CRLM-029,,CRLM-030,,CRLM-027,,CRLM-027,,CRLM-028,,CRLM-029,,CRLM-032,,CRLM-030,,CRLM-029,,CRLM-030,,CRLM-027,,CRLM-031,,CRLM-032,,CRLM-028,,CRLM-031,,CRLM-032,,CRLM-034,,CRLM-032,,CRLM-029,,CRLM-032,,CRLM-029,,CRLM-033,,CRLM-029,,CRLM-033,,CRLM-031,,CRLM-028,,CRLM-035,,CRLM-033,,CRLM-028,,CRLM-029,,CRLM-032,,CRLM-031,,CRLM-028,,CRLM-031,,CRLM-032,,CRLM-030,,CRLM-028,,CRLM-030,,CRLM-033,,CRLM-033,,CRLM-027,
24,CRLM-031,,CRLM-037,,CRLM-035,,CRLM-030,,CRLM-031,,CRLM-030,,CRLM-031,,CRLM-032,,CRLM-032,,CRLM-032,,CRLM-032,,CRLM-035,,CRLM-031,,CRLM-030,,CRLM-032,,CRLM-033,,CRLM-030,,CRLM-032,,CRLM-030,,CRLM-032,,CRLM-032,,CRLM-032,,CRLM-032,,CRLM-034,,CRLM-031,,CRLM-032,,CRLM-031,,CRLM-033,,CRLM-032,,CRLM-031,,CRLM-027,,CRLM-030,,CRLM-027,,CRLM-034,,CRLM-032,,CRLM-030,,CRLM-034,,CRLM-031,,CRLM-033,,CRLM-034,,CRLM-036,,CRLM-037,,CRLM-031,,CRLM-031,,CRLM-034,,CRLM-030,,CRLM-036,,CRLM-027,,CRLM-035,,CRLM-034,,CRLM-031,,CRLM-029,,CRLM-034,,CRLM-028,,CRLM-029,,CRLM-031,,CRLM-032,,CRLM-034,,CRLM-032,,CRLM-030,,CRLM-031,,CRLM-028,,CRLM-028,,CRLM-029,,CRLM-030,,CRLM-033,,CRLM-031,,CRLM-031,,CRLM-032,,CRLM-028,,CRLM-032,,CRLM-033,,CRLM-030,,CRLM-032,,CRLM-033,,CRLM-035,,CRLM-033,,CRLM-032,,CRLM-033,,CRLM-030,,CRLM-034,,CRLM-032,,CRLM-034,,CRLM-033,,CRLM-029,,CRLM-038,,CRLM-034,,CRLM-029,,CRLM-032,,CRLM-033,,CRLM-033,,CRLM-029,,CRLM-032,,CRLM-033,,CRLM-031,,CRLM-029,,CRLM-031,,CRLM-035,,CRLM-034,,CRLM-029,
25,CRLM-032,,CRLM-038,,CRLM-036,,CRLM-032,,CRLM-032,,CRLM-031,,CRLM-033,,CRLM-033,,CRLM-033,,CRLM-033,,CRLM-033,,CRLM-036,,CRLM-032,,CRLM-031,,CRLM-033,,CRLM-034,,CRLM-031,,CRLM-034,,CRLM-031,,CRLM-034,,CRLM-033,,CRLM-033,,CRLM-033,,CRLM-035,,CRLM-032,,CRLM-033,,CRLM-032,,CRLM-034,,CRLM-033,,CRLM-032,,CRLM-028,,CRLM-031,,CRLM-028,,CRLM-035,,CRLM-033,,CRLM-032,,CRLM-035,,CRLM-032,,CRLM-034,,CRLM-035,,CRLM-037,,CRLM-038,,CRLM-033,,CRLM-032,,CRLM-035,,CRLM-031,,CRLM-037,,CRLM-028,,CRLM-036,,CRLM-035,,CRLM-033,,CRLM-030,,CRLM-035,,CRLM-029,,CRLM-030,,CRLM-032,,CRLM-033,,CRLM-035,,CRLM-034,,CRLM-032,,CRLM-033,,CRLM-029,,CRLM-029,,CRLM-031,,CRLM-031,,CRLM-034,,CRLM-033,,CRLM-032,,CRLM-033,,CRLM-029,,CRLM-033,,CRLM-035,,CRLM-031,,CRLM-033,,CRLM-034,,CRLM-036,,CRLM-035,,CRLM-033,,CRLM-034,,CRLM-031,,CRLM-035,,CRLM-034,,CRLM-035,,CRLM-034,,CRLM-032,,CRLM-039,,CRLM-035,,CRLM-030,,CRLM-033,,CRLM-034,,CRLM-035,,CRLM-030,,CRLM-034,,CRLM-034,,CRLM-032,,CRLM-030,,CRLM-033,,CRLM-036,,CRLM-035,,CRLM-030,
26,CRLM-033,,CRLM-039,,CRLM-037,,CRLM-033,,CRLM-033,,CRLM-032,,CRLM-034,,CRLM-034,,CRLM-034,,CRLM-034,,CRLM-035,,CRLM-037,,CRLM-033,,CRLM-032,,CRLM-035,,CRLM-035,,CRLM-032,,CRLM-036,,CRLM-032,,CRLM-035,,CRLM-035,,CRLM-034,,CRLM-034,,CRLM-036,,CRLM-033,,CRLM-034,,CRLM-034,,CRLM-035,,CRLM-035,,CRLM-033,,CRLM-029,,CRLM-032,,CRLM-029,,CRLM-036,,CRLM-034,,CRLM-033,,CRLM-036,,CRLM-034,,CRLM-035,,CRLM-036,,CRLM-038,,CRLM-039,,CRLM-034,,CRLM-033,,CRLM-036,,CRLM-032,,CRLM-038,,CRLM-029,,CRLM-037,,CRLM-036,,CRLM-034,,CRLM-031,,CRLM-038,,CRLM-030,,CRLM-031,,CRLM-033,,CRLM-035,,CRLM-036,,CRLM-035,,CRLM-033,,CRLM-034,,CRLM-031,,CRLM-031,,CRLM-032,,CRLM-032,,CRLM-035,,CRLM-034,,CRLM-033,,CRLM-035,,CRLM-030,,CRLM-034,,CRLM-036,,CRLM-032,,CRLM-034,,CRLM-035,,CRLM-037,,CRLM-036,,CRLM-034,,CRLM-035,,CRLM-032,,CRLM-036,,CRLM-035,,CRLM-036,,CRLM-035,,CRLM-033,,CRLM-040,,CRLM-036,,CRLM-031,,CRLM-034,,CRLM-036,,CRLM-036,,CRLM-031,,CRLM-035,,CRLM-035,,CRLM-034,,CRLM-031,,CRLM-034,,CRLM-037,,CRLM-038,,CRLM-031,
27,CRLM-034,,CRLM-040,,CRLM-038,,CRLM-034,,CRLM-034,,CRLM-033,,CRLM-036,,CRLM-036,,CRLM-035,,CRLM-035,,CRLM-036,,CRLM-038,,CRLM-034,,CRLM-033,,CRLM-036,,CRLM-036,,CRLM-033,,CRLM-037,,CRLM-033,,CRLM-036,,CRLM-036,,CRLM-035,,CRLM-035,,CRLM-037,,CRLM-034,,CRLM-035,,CRLM-035,,CRLM-036,,CRLM-036,,CRLM-034,,CRLM-030,,CRLM-033,,CRLM-033,,CRLM-037,,CRLM-035,,CRLM-034,,CRLM-037,,CRLM-036,,CRLM-036,,CRLM-038,,CRLM-039,,CRLM-040,,CRLM-035,,CRLM-034,,CRLM-038,,CRLM-033,,CRLM-039,,CRLM-030,,CRLM-038,,CRLM-037,,CRLM-035,,CRLM-033,,CRLM-040,,CRLM-031,,CRLM-032,,CRLM-034,,CRLM-036,,CRLM-039,,CRLM-036,,CRLM-034,,CRLM-037,,CRLM-032,,CRLM-032,,CRLM-033,,CRLM-034,,CRLM-036,,CRLM-035,,CRLM-034,,CRLM-036,,CRLM-032,,CRLM-035,,CRLM-038,,CRLM-033,,CRLM-035,,CRLM-036,,CRLM-038,,CRLM-039,,CRLM-035,,CRLM-036,,CRLM-033,,CRLM-037,,CRLM-036,,CRLM-037,,CRLM-036,,CRLM-034,,CRLM-041,,CRLM-037,,CRLM-032,,CRLM-035,,CRLM-037,,CRLM-039,,CRLM-033,,CRLM-036,,CRLM-036,,CRLM-035,,CRLM-032,,CRLM-035,,CRLM-041,,CRLM-039,,CRLM-032,
28,CRLM-036,,CRLM-041,,CRLM-039,,CRLM-035,,CRLM-037,,CRLM-035,,CRLM-038,,CRLM-037,,CRLM-037,,CRLM-036,,CRLM-038,,CRLM-039,,CRLM-035,,CRLM-034,,CRLM-037,,CRLM-037,,CRLM-034,,CRLM-038,,CRLM-034,,CRLM-038,,CRLM-037,,CRLM-036,,CRLM-036,,CRLM-038,,CRLM-035,,CRLM-036,,CRLM-036,,CRLM-037,,CRLM-037,,CRLM-036,,CRLM-031,,CRLM-034,,CRLM-034,,CRLM-038,,CRLM-036,,CRLM-035,,CRLM-038,,CRLM-037,,CRLM-038,,CRLM-039,,CRLM-040,,CRLM-041,,CRLM-036,,CRLM-036,,CRLM-039,,CRLM-034,,CRLM-040,,CRLM-031,,CRLM-039,,CRLM-038,,CRLM-036,,CRLM-034,,CRLM-041,,CRLM-032,,CRLM-033,,CRLM-035,,CRLM-037,,CRLM-041,,CRLM-038,,CRLM-036,,CRLM-038,,CRLM-033,,CRLM-033,,CRLM-034,,CRLM-036,,CRLM-037,,CRLM-036,,CRLM-035,,CRLM-037,,CRLM-034,,CRLM-038,,CRLM-040,,CRLM-034,,CRLM-036,,CRLM-037,,CRLM-039,,CRLM-041,,CRLM-036,,CRLM-038,,CRLM-034,,CRLM-038,,CRLM-037,,CRLM-038,,CRLM-037,,CRLM-035,,CRLM-042,,CRLM-038,,CRLM-033,,CRLM-036,,CRLM-038,,CRLM-040,,CRLM-034,,CRLM-037,,CRLM-038,,CRLM-036,,CRLM-033,,CRLM-036,,CRLM-042,,CRLM-040,,CRLM-033,
29,CRLM-037,,CRLM-042,,CRLM-040,,CRLM-036,,CRLM-038,,CRLM-036,,CRLM-039,,CRLM-038,,CRLM-038,,CRLM-037,,CRLM-039,,CRLM-040,,CRLM-037,,CRLM-038,,CRLM-038,,CRLM-038,,CRLM-036,,CRLM-039,,CRLM-035,,CRLM-039,,CRLM-038,,CRLM-039,,CRLM-037,,CRLM-039,,CRLM-036,,CRLM-037,,CRLM-037,,CRLM-038,,CRLM-038,,CRLM-037,,CRLM-032,,CRLM-035,,CRLM-035,,CRLM-040,,CRLM-037,,CRLM-037,,CRLM-039,,CRLM-038,,CRLM-039,,CRLM-040,,CRLM-041,,CRLM-043,,CRLM-037,,CRLM-038,,CRLM-040,,CRLM-035,,CRLM-041,,CRLM-032,,CRLM-040,,CRLM-041,,CRLM-039,,CRLM-035,,CRLM-042,,CRLM-033,,CRLM-034,,CRLM-036,,CRLM-038,,CRLM-042,,CRLM-039,,CRLM-039,,CRLM-039,,CRLM-034,,CRLM-034,,CRLM-035,,CRLM-038,,CRLM-039,,CRLM-037,,CRLM-036,,CRLM-038,,CRLM-035,,CRLM-040,,CRLM-041,,CRLM-035,,CRLM-037,,CRLM-038,,CRLM-040,,CRLM-042,,CRLM-037,,CRLM-039,,CRLM-035,,CRLM-039,,CRLM-038,,CRLM-039,,CRLM-038,,CRLM-036,,CRLM-043,,CRLM-040,,CRLM-034,,CRLM-038,,CRLM-039,,CRLM-041,,CRLM-036,,CRLM-038,,CRLM-039,,CRLM-037,,CRLM-036,,CRLM-038,,CRLM-044,,CRLM-041,,CRLM-035,
30,CRLM-038,,CRLM-043,,CRLM-041,,CRLM-038,,CRLM-039,,CRLM-037,,CRLM-041,,CRLM-040,,CRLM-039,,CRLM-038,,CRLM-040,,CRLM-041,,CRLM-039,,CRLM-039,,CRLM-041,,CRLM-039,,CRLM-037,,CRLM-040,,CRLM-037,,CRLM-040,,CRLM-039,,CRLM-040,,CRLM-038,,CRLM-040,,CRLM-037,,CRLM-039,,CRLM-039,,CRLM-039,,CRLM-039,,CRLM-038,,CRLM-033,,CRLM-036,,CRLM-037,,CRLM-041,,CRLM-038,,CRLM-038,,CRLM-041,,CRLM-039,,CRLM-040,,CRLM-041,,CRLM-042,,CRLM-044,,CRLM-038,,CRLM-039,,CRLM-041,,CRLM-036,,CRLM-042,,CRLM-033,,CRLM-041,,CRLM-042,,CRLM-041,,CRLM-036,,CRLM-043,,CRLM-034,,CRLM-035,,CRLM-037,,CRLM-039,,CRLM-043,,CRLM-040,,CRLM-040,,CRLM-040,,CRLM-035,,CRLM-035,,CRLM-036,,CRLM-039,,CRLM-041,,CRLM-038,,CRLM-037,,CRLM-039,,CRLM-036,,CRLM-041,,CRLM-042,,CRLM-037,,CRLM-038,,CRLM-039,,CRLM-042,,CRLM-043,,CRLM-038,,CRLM-040,,CRLM-036,,CRLM-041,,CRLM-039,,CRLM-040,,CRLM-040,,CRLM-037,,CRLM-044,,CRLM-041,,CRLM-035,,CRLM-039,,CRLM-041,,CRLM-042,,CRLM-037,,CRLM-039,,CRLM-040,,CRLM-039,,CRLM-038,,CRLM-039,,CRLM-045,,CRLM-042,,CRLM-036,
31,CRLM-039,,CRLM-044,,CRLM-042,,CRLM-039,,CRLM-042,,CRLM-038,,CRLM-042,,CRLM-041,,CRLM-040,,CRLM-039,,CRLM-041,,CRLM-044,,CRLM-042,,CRLM-041,,CRLM-042,,CRLM-040,,CRLM-038,,CRLM-041,,CRLM-039,,CRLM-041,,CRLM-041,,CRLM-041,,CRLM-039,,CRLM-041,,CRLM-038,,CRLM-040,,CRLM-040,,CRLM-040,,CRLM-040,,CRLM-039,,CRLM-034,,CRLM-037,,CRLM-039,,CRLM-043,,CRLM-039,,CRLM-039,,CRLM-042,,CRLM-040,,CRLM-041,,CRLM-042,,CRLM-043,,CRLM-045,,CRLM-039,,CRLM-040,,CRLM-042,,CRLM-037,,CRLM-043,,CRLM-035,,CRLM-042,,CRLM-043,,CRLM-042,,CRLM-038,,CRLM-044,,CRLM-035,,CRLM-036,,CRLM-039,,CRLM-040,,CRLM-044,,CRLM-041,,CRLM-041,,CRLM-041,,CRLM-036,,CRLM-036,,CRLM-038,,CRLM-040,,CRLM-042,,CRLM-039,,CRLM-038,,CRLM-040,,CRLM-037,,CRLM-043,,CRLM-043,,CRLM-038,,CRLM-039,,CRLM-040,,CRLM-044,,CRLM-044,,CRLM-039,,CRLM-041,,CRLM-037,,CRLM-042,,CRLM-042,,CRLM-041,,CRLM-043,,CRLM-038,,CRLM-045,,CRLM-043,,CRLM-036,,CRLM-040,,CRLM-042,,CRLM-043,,CRLM-040,,CRLM-040,,CRLM-041,,CRLM-040,,CRLM-039,,CRLM-040,,CRLM-046,,CRLM-043,,CRLM-037,
32,CRLM-040,,CRLM-045,,CRLM-045,,CRLM-041,,CRLM-043,,CRLM-039,,CRLM-043,,CRLM-042,,CRLM-042,,CRLM-041,,CRLM-042,,CRLM-045,,CRLM-043,,CRLM-042,,CRLM-044,,CRLM-041,,CRLM-039,,CRLM-042,,CRLM-040,,CRLM-043,,CRLM-042,,CRLM-042,,CRLM-040,,CRLM-042,,CRLM-039,,CRLM-041,,CRLM-041,,CRLM-042,,CRLM-041,,CRLM-040,,CRLM-035,,CRLM-038,,CRLM-040,,CRLM-044,,CRLM-040,,CRLM-040,,CRLM-043,,CRLM-041,,CRLM-042,,CRLM-043,,CRLM-044,,CRLM-046,,CRLM-040,,CRLM-041,,CRLM-043,,CRLM-038,,CRLM-044,,CRLM-036,,CRLM-044,,CRLM-044,,CRLM-043,,CRLM-039,,CRLM-046,,CRLM-038,,CRLM-037,,CRLM-042,,CRLM-042,,CRLM-045,,CRLM-042,,CRLM-042,,CRLM-043,,CRLM-037,,CRLM-038,,CRLM-039,,CRLM-042,,CRLM-043,,CRLM-040,,CRLM-042,,CRLM-041,,CRLM-038,,CRLM-044,,CRLM-044,,CRLM-039,,CRLM-041,,CRLM-041,,CRLM-045,,CRLM-046,,CRLM-041,,CRLM-042,,CRLM-038,,CRLM-043,,CRLM-043,,CRLM-043,,CRLM-044,,CRLM-041,,CRLM-046,,CRLM-044,,CRLM-037,,CRLM-041,,CRLM-043,,CRLM-044,,CRLM-041,,CRLM-041,,CRLM-042,,CRLM-041,,CRLM-040,,CRLM-041,,CRLM-047,,CRLM-044,,CRLM-038,
33,CRLM-041,,CRLM-046,,CRLM-046,,CRLM-042,,CRLM-044,,CRLM-040,,CRLM-044,,CRLM-043,,CRLM-043,,CRLM-043,,CRLM-043,,CRLM-047,,CRLM-044,,CRLM-044,,CRLM-045,,CRLM-042,,CRLM-040,,CRLM-043,,CRLM-042,,CRLM-046,,CRLM-043,,CRLM-044,,CRLM-041,,CRLM-043,,CRLM-040,,CRLM-042,,CRLM-042,,CRLM-043,,CRLM-042,,CRLM-041,,CRLM-037,,CRLM-039,,CRLM-041,,CRLM-045,,CRLM-041,,CRLM-041,,CRLM-044,,CRLM-042,,CRLM-043,,CRLM-044,,CRLM-045,,CRLM-047,,CRLM-041,,CRLM-042,,CRLM-044,,CRLM-043,,CRLM-045,,CRLM-037,,CRLM-046,,CRLM-045,,CRLM-044,,CRLM-040,,CRLM-047,,CRLM-040,,CRLM-038,,CRLM-044,,CRLM-043,,CRLM-046,,CRLM-043,,CRLM-043,,CRLM-045,,CRLM-038,,CRLM-039,,CRLM-040,,CRLM-043,,CRLM-044,,CRLM-041,,CRLM-043,,CRLM-042,,CRLM-039,,CRLM-045,,CRLM-045,,CRLM-040,,CRLM-043,,CRLM-042,,CRLM-047,,CRLM-047,,CRLM-042,,CRLM-043,,CRLM-041,,CRLM-044,,CRLM-044,,CRLM-044,,CRLM-045,,CRLM-042,,CRLM-047,,CRLM-045,,CRLM-038,,CRLM-042,,CRLM-044,,CRLM-045,,CRLM-042,,CRLM-042,,CRLM-043,,CRLM-042,,CRLM-041,,CRLM-042,,CRLM-049,,CRLM-045,,CRLM-039,
34,CRLM-043,,CRLM-047,,CRLM-047,,CRLM-043,,CRLM-045,,CRLM-041,,CRLM-045,,CRLM-044,,CRLM-044,,CRLM-044,,CRLM-044,,CRLM-048,,CRLM-045,,CRLM-045,,CRLM-046,,CRLM-043,,CRLM-041,,CRLM-044,,CRLM-043,,CRLM-047,,CRLM-044,,CRLM-045,,CRLM-043,,CRLM-046,,CRLM-041,,CRLM-043,,CRLM-043,,CRLM-044,,CRLM-044,,CRLM-042,,CRLM-038,,CRLM-040,,CRLM-042,,CRLM-047,,CRLM-042,,CRLM-042,,CRLM-046,,CRLM-043,,CRLM-044,,CRLM-045,,CRLM-047,,CRLM-048,,CRLM-042,,CRLM-043,,CRLM-045,,CRLM-044,,CRLM-046,,CRLM-038,,CRLM-047,,CRLM-046,,CRLM-045,,CRLM-041,,CRLM-048,,CRLM-041,,CRLM-040,,CRLM-045,,CRLM-046,,CRLM-047,,CRLM-045,,CRLM-044,,CRLM-046,,CRLM-039,,CRLM-040,,CRLM-041,,CRLM-044,,CRLM-045,,CRLM-042,,CRLM-044,,CRLM-043,,CRLM-040,,CRLM-046,,CRLM-046,,CRLM-041,,CRLM-045,,CRLM-043,,CRLM-048,,CRLM-048,,CRLM-043,,CRLM-044,,CRLM-043,,CRLM-046,,CRLM-047,,CRLM-045,,CRLM-046,,CRLM-044,,CRLM-048,,CRLM-046,,CRLM-039,,CRLM-043,,CRLM-045,,CRLM-046,,CRLM-043,,CRLM-043,,CRLM-044,,CRLM-044,,CRLM-043,,CRLM-043,,CRLM-050,,CRLM-046,,CRLM-040,
35,CRLM-045,,CRLM-049,,CRLM-048,,CRLM-044,,CRLM-046,,CRLM-042,,CRLM-046,,CRLM-045,,CRLM-045,,CRLM-045,,CRLM-045,,CRLM-049,,CRLM-047,,CRLM-046,,CRLM-047,,CRLM-045,,CRLM-042,,CRLM-045,,CRLM-045,,CRLM-048,,CRLM-045,,CRLM-046,,CRLM-044,,CRLM-047,,CRLM-043,,CRLM-044,,CRLM-047,,CRLM-045,,CRLM-045,,CRLM-043,,CRLM-039,,CRLM-041,,CRLM-043,,CRLM-048,,CRLM-043,,CRLM-044,,CRLM-047,,CRLM-044,,CRLM-045,,CRLM-047,,CRLM-049,,CRLM-049,,CRLM-044,,CRLM-045,,CRLM-046,,CRLM-045,,CRLM-047,,CRLM-039,,CRLM-048,,CRLM-047,,CRLM-046,,CRLM-042,,CRLM-049,,CRLM-042,,CRLM-042,,CRLM-046,,CRLM-047,,CRLM-048,,CRLM-046,,CRLM-045,,CRLM-047,,CRLM-042,,CRLM-041,,CRLM-043,,CRLM-045,,CRLM-046,,CRLM-044,,CRLM-045,,CRLM-044,,CRLM-041,,CRLM-047,,CRLM-047,,CRLM-042,,CRLM-046,,CRLM-044,,CRLM-049,,CRLM-050,,CRLM-044,,CRLM-045,,CRLM-044,,CRLM-047,,CRLM-048,,CRLM-046,,CRLM-047,,CRLM-045,,CRLM-049,,CRLM-047,,CRLM-040,,CRLM-044,,CRLM-046,,CRLM-047,,CRLM-045,,CRLM-044,,CRLM-045,,CRLM-045,,CRLM-044,,CRLM-044,,CRLM-051,,CRLM-047,,CRLM-041,
36,CRLM-047,,CRLM-050,,CRLM-050,,CRLM-045,,CRLM-047,,CRLM-044,,CRLM-047,,CRLM-046,,CRLM-047,,CRLM-046,,CRLM-046,,CRLM-050,,CRLM-048,,CRLM-047,,CRLM-048,,CRLM-047,,CRLM-044,,CRLM-046,,CRLM-046,,CRLM-049,,CRLM-046,,CRLM-048,,CRLM-047,,CRLM-048,,CRLM-044,,CRLM-045,,CRLM-048,,CRLM-046,,CRLM-047,,CRLM-045,,CRLM-040,,CRLM-042,,CRLM-044,,CRLM-050,,CRLM-044,,CRLM-045,,CRLM-048,,CRLM-046,,CRLM-046,,CRLM-048,,CRLM-051,,CRLM-050,,CRLM-046,,CRLM-046,,CRLM-047,,CRLM-046,,CRLM-048,,CRLM-043,,CRLM-050,,CRLM-048,,CRLM-047,,CRLM-043,,CRLM-050,,CRLM-043,,CRLM-043,,CRLM-047,,CRLM-048,,CRLM-049,,CRLM-051,,CRLM-047,,CRLM-048,,CRLM-045,,CRLM-043,,CRLM-044,,CRLM-046,,CRLM-047,,CRLM-045,,CRLM-047,,CRLM-045,,CRLM-042,,CRLM-048,,CRLM-048,,CRLM-043,,CRLM-047,,CRLM-045,,CRLM-050,,CRLM-051,,CRLM-045,,CRLM-046,,CRLM-045,,CRLM-049,,CRLM-049,,CRLM-047,,CRLM-048,,CRLM-046,,CRLM-050,,CRLM-048,,CRLM-041,,CRLM-045,,CRLM-047,,CRLM-050,,CRLM-046,,CRLM-045,,CRLM-047,,CRLM-047,,CRLM-045,,CRLM-045,,CRLM-052,,CRLM-048,,CRLM-042,
37,CRLM-048,,CRLM-051,,CRLM-051,,CRLM-046,,CRLM-049,,CRLM-045,,CRLM-048,,CRLM-047,,CRLM-048,,CRLM-047,,CRLM-047,,CRLM-051,,CRLM-049,,CRLM-048,,CRLM-049,,CRLM-048,,CRLM-045,,CRLM-047,,CRLM-047,,CRLM-050,,CRLM-047,,CRLM-050,,CRLM-048,,CRLM-049,,CRLM-046,,CRLM-046,,CRLM-049,,CRLM-048,,CRLM-050,,CRLM-048,,CRLM-041,,CRLM-043,,CRLM-045,,CRLM-051,,CRLM-045,,CRLM-046,,CRLM-049,,CRLM-047,,CRLM-047,,CRLM-049,,CRLM-052,,CRLM-051,,CRLM-047,,CRLM-047,,CRLM-049,,CRLM-047,,CRLM-049,,CRLM-045,,CRLM-051,,CRLM-050,,CRLM-048,,CRLM-044,,CRLM-051,,CRLM-046,,CRLM-044,,CRLM-048,,CRLM-049,,CRLM-050,,CRLM-052,,CRLM-048,,CRLM-049,,CRLM-046,,CRLM-044,,CRLM-045,,CRLM-047,,CRLM-048,,CRLM-047,,CRLM-048,,CRLM-046,,CRLM-045,,CRLM-049,,CRLM-049,,CRLM-044,,CRLM-049,,CRLM-048,,CRLM-051,,CRLM-052,,CRLM-046,,CRLM-047,,CRLM-046,,CRLM-050,,CRLM-052,,CRLM-048,,CRLM-049,,CRLM-047,,CRLM-051,,CRLM-049,,CRLM-043,,CRLM-046,,CRLM-049,,CRLM-051,,CRLM-047,,CRLM-046,,CRLM-048,,CRLM-050,,CRLM-046,,CRLM-046,,CRLM-053,,CRLM-049,,CRLM-044,
38,CRLM-050,,CRLM-052,,CRLM-052,,CRLM-049,,CRLM-050,,CRLM-046,,CRLM-049,,CRLM-048,,CRLM-049,,CRLM-048,,CRLM-048,,CRLM-052,,CRLM-050,,CRLM-049,,CRLM-052,,CRLM-049,,CRLM-046,,CRLM-048,,CRLM-048,,CRLM-051,,CRLM-050,,CRLM-051,,CRLM-049,,CRLM-051,,CRLM-048,,CRLM-049,,CRLM-050,,CRLM-049,,CRLM-051,,CRLM-049,,CRLM-044,,CRLM-044,,CRLM-046,,CRLM-052,,CRLM-046,,CRLM-047,,CRLM-050,,CRLM-048,,CRLM-048,,CRLM-050,,CRLM-053,,CRLM-052,,CRLM-048,,CRLM-048,,CRLM-051,,CRLM-048,,CRLM-050,,CRLM-046,,CRLM-053,,CRLM-051,,CRLM-049,,CRLM-045,,CRLM-053,,CRLM-047,,CRLM-045,,CRLM-050,,CRLM-051,,CRLM-052,,CRLM-053,,CRLM-051,,CRLM-050,,CRLM-048,,CRLM-045,,CRLM-046,,CRLM-048,,CRLM-050,,CRLM-048,,CRLM-049,,CRLM-047,,CRLM-046,,CRLM-051,,CRLM-050,,CRLM-046,,CRLM-050,,CRLM-049,,CRLM-052,,CRLM-053,,CRLM-048,,CRLM-048,,CRLM-047,,CRLM-051,,CRLM-053,,CRLM-050,,CRLM-050,,CRLM-049,,CRLM-053,,CRLM-050,,CRLM-045,,CRLM-048,,CRLM-051,,CRLM-052,,CRLM-048,,CRLM-047,,CRLM-049,,CRLM-051,,CRLM-047,,CRLM-048,,CRLM-054,,CRLM-050,,CRLM-045,
39,CRLM-051,,CRLM-053,,CRLM-053,,CRLM-050,,CRLM-051,,CRLM-047,,CRLM-050,,CRLM-049,,CRLM-050,,CRLM-049,,CRLM-050,,CRLM-053,,CRLM-051,,CRLM-050,,CRLM-053,,CRLM-050,,CRLM-047,,CRLM-049,,CRLM-049,,CRLM-053,,CRLM-051,,CRLM-052,,CRLM-050,,CRLM-053,,CRLM-049,,CRLM-050,,CRLM-051,,CRLM-050,,CRLM-053,,CRLM-050,,CRLM-045,,CRLM-045,,CRLM-047,,CRLM-053,,CRLM-047,,CRLM-048,,CRLM-052,,CRLM-050,,CRLM-049,,CRLM-053,,CRLM-054,,CRLM-053,,CRLM-049,,CRLM-049,,CRLM-052,,CRLM-049,,CRLM-052,,CRLM-049,,CRLM-054,,CRLM-052,,CRLM-050,,CRLM-047,,CRLM-054,,CRLM-048,,CRLM-047,,CRLM-051,,CRLM-052,,CRLM-053,,CRLM-054,,CRLM-052,,CRLM-051,,CRLM-050,,CRLM-046,,CRLM-047,,CRLM-050,,CRLM-051,,CRLM-049,,CRLM-051,,CRLM-048,,CRLM-047,,CRLM-052,,CRLM-053,,CRLM-047,,CRLM-051,,CRLM-050,,CRLM-054,,CRLM-054,,CRLM-049,,CRLM-049,,CRLM-048,,CRLM-052,,CRLM-054,,CRLM-052,,CRLM-051,,CRLM-050,,CRLM-054,,CRLM-051,,CRLM-046,,CRLM-049,,CRLM-052,,CRLM-054,,CRLM-049,,CRLM-050,,CRLM-050,,CRLM-052,,CRLM-048,,CRLM-049,,CRLM-055,,CRLM-052,,CRLM-046,
40,CRLM-052,,CRLM-054,,CRLM-054,,CRLM-051,,CRLM-052,,CRLM-048,,CRLM-052,,CRLM-050,,CRLM-051,,CRLM-050,,CRLM-051,,CRLM-054,,CRLM-052,,CRLM-052,,CRLM-054,,CRLM-051,,CRLM-051,,CRLM-051,,CRLM-050,,CRLM-054,,CRLM-052,,CRLM-053,,CRLM-051,,CRLM-054,,CRLM-051,,CRLM-052,,CRLM-052,,CRLM-051,,CRLM-054,,CRLM-051,,CRLM-046,,CRLM-046,,CRLM-048,,CRLM-054,,CRLM-048,,CRLM-049,,CRLM-053,,CRLM-053,,CRLM-051,,CRLM-054,,CRLM-055,,CRLM-054,,CRLM-050,,CRLM-050,,CRLM-053,,CRLM-050,,CRLM-053,,CRLM-050,,CRLM-055,,CRLM-053,,CRLM-051,,CRLM-048,,CRLM-055,,CRLM-049,,CRLM-048,,CRLM-052,,CRLM-053,,CRLM-054,,CRLM-055,,CRLM-053,,CRLM-052,,CRLM-051,,CRLM-047,,CRLM-049,,CRLM-051,,CRLM-052,,CRLM-051,,CRLM-052,,CRLM-051,,CRLM-048,,CRLM-053,,CRLM-054,,CRLM-048,,CRLM-053,,CRLM-052,,CRLM-055,,CRLM-055,,CRLM-051,,CRLM-050,,CRLM-049,,CRLM-053,,CRLM-055,,CRLM-054,,CRLM-052,,CRLM-051,,CRLM-055,,CRLM-052,,CRLM-047,,CRLM-050,,CRLM-053,,CRLM-055,,CRLM-050,,CRLM-051,,CRLM-051,,CRLM-053,,CRLM-049,,CRLM-050,,CRLM-056,,CRLM-053,,CRLM-047,
41,CRLM-053,,CRLM-055,,CRLM-055,,CRLM-052,,CRLM-053,,CRLM-051,,CRLM-053,,CRLM-051,,CRLM-052,,CRLM-051,,CRLM-054,,CRLM-055,,CRLM-054,,CRLM-053,,CRLM-055,,CRLM-052,,CRLM-055,,CRLM-052,,CRLM-051,,CRLM-055,,CRLM-053,,CRLM-054,,CRLM-053,,CRLM-055,,CRLM-052,,CRLM-054,,CRLM-054,,CRLM-052,,CRLM-055,,CRLM-054,,CRLM-048,,CRLM-048,,CRLM-049,,CRLM-055,,CRLM-049,,CRLM-050,,CRLM-054,,CRLM-054,,CRLM-053,,CRLM-055,,CRLM-056,,CRLM-055,,CRLM-051,,CRLM-051,,CRLM-055,,CRLM-051,,CRLM-054,,CRLM-055,,CRLM-056,,CRLM-055,,CRLM-052,,CRLM-049,,CRLM-056,,CRLM-051,,CRLM-049,,CRLM-053,,CRLM-054,,CRLM-055,,CRLM-056,,CRLM-054,,CRLM-054,,CRLM-053,,CRLM-049,,CRLM-050,,CRLM-052,,CRLM-055,,CRLM-053,,CRLM-053,,CRLM-052,,CRLM-049,,CRLM-055,,CRLM-055,,CRLM-051,,CRLM-054,,CRLM-053,,CRLM-057,,CRLM-057,,CRLM-052,,CRLM-054,,CRLM-050,,CRLM-054,,CRLM-056,,CRLM-055,,CRLM-054,,CRLM-052,,CRLM-056,,CRLM-053,,CRLM-048,,CRLM-051,,CRLM-054,,CRLM-056,,CRLM-051,,CRLM-053,,CRLM-054,,CRLM-055,,CRLM-050,,CRLM-051,,CRLM-057,,CRLM-055,,CRLM-048,
42,CRLM-054,,CRLM-056,,CRLM-056,,CRLM-053,,CRLM-054,,CRLM-052,,CRLM-054,,CRLM-053,,CRLM-053,,CRLM-052,,CRLM-055,,CRLM-056,,CRLM-055,,CRLM-054,,CRLM-056,,CRLM-054,,CRLM-056,,CRLM-053,,CRLM-052,,CRLM-056,,CRLM-054,,CRLM-055,,CRLM-054,,CRLM-056,,CRLM-053,,CRLM-055,,CRLM-056,,CRLM-053,,CRLM-056,,CRLM-055,,CRLM-049,,CRLM-049,,CRLM-050,,CRLM-056,,CRLM-050,,CRLM-051,,CRLM-055,,CRLM-056,,CRLM-054,,CRLM-056,,CRLM-058,,CRLM-056,,CRLM-052,,CRLM-052,,CRLM-056,,CRLM-052,,CRLM-055,,CRLM-056,,CRLM-057,,CRLM-057,,CRLM-053,,CRLM-050,,CRLM-057,,CRLM-053,,CRLM-050,,CRLM-054,,CRLM-055,,CRLM-056,,CRLM-057,,CRLM-055,,CRLM-055,,CRLM-054,,CRLM-050,,CRLM-051,,CRLM-055,,CRLM-056,,CRLM-054,,CRLM-054,,CRLM-055,,CRLM-050,,CRLM-056,,CRLM-057,,CRLM-052,,CRLM-055,,CRLM-054,,CRLM-058,,CRLM-058,,CRLM-056,,CRLM-055,,CRLM-051,,CRLM-055,,CRLM-057,,CRLM-056,,CRLM-055,,CRLM-053,,CRLM-057,,CRLM-055,,CRLM-049,,CRLM-052,,CRLM-055,,CRLM-057,,CRLM-052,,CRLM-054,,CRLM-058,,CRLM-056,,CRLM-052,,CRLM-052,,CRLM-058,,CRLM-056,,CRLM-049,
43,CRLM-056,,CRLM-057,,CRLM-057,,CRLM-054,,CRLM-055,,CRLM-053,,CRLM-055,,CRLM-054,,CRLM-054,,CRLM-053,,CRLM-056,,CRLM-057,,CRLM-056,,CRLM-055,,CRLM-057,,CRLM-055,,CRLM-057,,CRLM-054,,CRLM-055,,CRLM-058,,CRLM-055,,CRLM-056,,CRLM-055,,CRLM-057,,CRLM-054,,CRLM-056,,CRLM-057,,CRLM-054,,CRLM-057,,CRLM-056,,CRLM-050,,CRLM-051,,CRLM-053,,CRLM-057,,CRLM-051,,CRLM-053,,CRLM-057,,CRLM-058,,CRLM-055,,CRLM-057,,CRLM-060,,CRLM-057,,CRLM-053,,CRLM-054,,CRLM-057,,CRLM-053,,CRLM-056,,CRLM-057,,CRLM-058,,CRLM-058,,CRLM-054,,CRLM-051,,CRLM-058,,CRLM-055,,CRLM-051,,CRLM-055,,CRLM-056,,CRLM-057,,CRLM-058,,CRLM-056,,CRLM-056,,CRLM-055,,CRLM-051,,CRLM-052,,CRLM-057,,CRLM-057,,CRLM-055,,CRLM-056,,CRLM-056,,CRLM-052,,CRLM-057,,CRLM-058,,CRLM-053,,CRLM-056,,CRLM-055,,CRLM-059,,CRLM-059,,CRLM-057,,CRLM-056,,CRLM-052,,CRLM-056,,CRLM-058,,CRLM-057,,CRLM-056,,CRLM-054,,CRLM-058,,CRLM-056,,CRLM-050,,CRLM-053,,CRLM-056,,CRLM-058,,CRLM-053,,CRLM-055,,CRLM-059,,CRLM-057,,CRLM-053,,CRLM-053,,CRLM-059,,CRLM-057,,CRLM-050,
44,CRLM-057,,CRLM-058,,CRLM-058,,CRLM-055,,CRLM-056,,CRLM-057,,CRLM-057,,CRLM-055,,CRLM-055,,CRLM-054,,CRLM-057,,CRLM-058,,CRLM-057,,CRLM-056,,CRLM-059,,CRLM-056,,CRLM-058,,CRLM-055,,CRLM-056,,CRLM-059,,CRLM-056,,CRLM-057,,CRLM-056,,CRLM-059,,CRLM-056,,CRLM-057,,CRLM-058,,CRLM-055,,CRLM-058,,CRLM-057,,CRLM-052,,CRLM-052,,CRLM-055,,CRLM-058,,CRLM-052,,CRLM-056,,CRLM-058,,CRLM-059,,CRLM-056,,CRLM-059,,CRLM-061,,CRLM-058,,CRLM-054,,CRLM-055,,CRLM-058,,CRLM-054,,CRLM-057,,CRLM-058,,CRLM-059,,CRLM-059,,CRLM-055,,CRLM-053,,CRLM-059,,CRLM-056,,CRLM-052,,CRLM-056,,CRLM-057,,CRLM-058,,CRLM-059,,CRLM-058,,CRLM-057,,CRLM-057,,CRLM-052,,CRLM-054,,CRLM-058,,CRLM-058,,CRLM-056,,CRLM-057,,CRLM-058,,CRLM-053,,CRLM-058,,CRLM-059,,CRLM-056,,CRLM-058,,CRLM-056,,CRLM-060,,CRLM-060,,CRLM-059,,CRLM-057,,CRLM-054,,CRLM-058,,CRLM-059,,CRLM-058,,CRLM-057,,CRLM-055,,CRLM-059,,CRLM-057,,CRLM-051,,CRLM-057,,CRLM-057,,CRLM-059,,CRLM-054,,CRLM-056,,CRLM-060,,CRLM-058,,CRLM-054,,CRLM-055,,CRLM-060,,CRLM-059,,CRLM-051,
45,CRLM-058,,CRLM-059,,CRLM-059,,CRLM-056,,CRLM-057,,CRLM-059,,CRLM-058,,CRLM-057,,CRLM-056,,CRLM-056,,CRLM-058,,CRLM-059,,CRLM-058,,CRLM-057,,CRLM-060,,CRLM-057,,CRLM-061,,CRLM-056,,CRLM-057,,CRLM-060,,CRLM-059,,CRLM-058,,CRLM-057,,CRLM-060,,CRLM-057,,CRLM-059,,CRLM-060,,CRLM-058,,CRLM-059,,CRLM-058,,CRLM-053,,CRLM-053,,CRLM-056,,CRLM-059,,CRLM-054,,CRLM-058,,CRLM-059,,CRLM-060,,CRLM-057,,CRLM-060,,CRLM-062,,CRLM-060,,CRLM-055,,CRLM-057,,CRLM-059,,CRLM-056,,CRLM-058,,CRLM-059,,CRLM-060,,CRLM-060,,CRLM-056,,CRLM-054,,CRLM-060,,CRLM-057,,CRLM-054,,CRLM-057,,CRLM-058,,CRLM-060,,CRLM-060,,CRLM-059,,CRLM-058,,CRLM-058,,CRLM-054,,CRLM-056,,CRLM-060,,CRLM-059,,CRLM-057,,CRLM-058,,CRLM-060,,CRLM-054,,CRLM-059,,CRLM-060,,CRLM-058,,CRLM-059,,CRLM-057,,CRLM-061,,CRLM-061,,CRLM-061,,CRLM-058,,CRLM-055,,CRLM-059,,CRLM-060,,CRLM-059,,CRLM-058,,CRLM-056,,CRLM-060,,CRLM-058,,CRLM-053,,CRLM-059,,CRLM-058,,CRLM-060,,CRLM-057,,CRLM-057,,CRLM-061,,CRLM-059,,CRLM-055,,CRLM-056,,CRLM-061,,CRLM-060,,CRLM-055,
46,CRLM-059,,CRLM-061,,CRLM-061,,CRLM-059,,CRLM-058,,CRLM-061,,CRLM-059,,CRLM-058,,CRLM-057,,CRLM-057,,CRLM-059,,CRLM-060,,CRLM-059,,CRLM-058,,CRLM-061,,CRLM-059,,CRLM-062,,CRLM-058,,CRLM-058,,CRLM-061,,CRLM-061,,CRLM-059,,CRLM-058,,CRLM-061,,CRLM-058,,CRLM-060,,CRLM-061,,CRLM-059,,CRLM-060,,CRLM-059,,CRLM-054,,CRLM-054,,CRLM-057,,CRLM-061,,CRLM-056,,CRLM-059,,CRLM-061,,CRLM-061,,CRLM-058,,CRLM-061,,CRLM-063,,CRLM-061,,CRLM-056,,CRLM-058,,CRLM-061,,CRLM-057,,CRLM-059,,CRLM-060,,CRLM-061,,CRLM-061,,CRLM-057,,CRLM-055,,CRLM-061,,CRLM-058,,CRLM-057,,CRLM-058,,CRLM-059,,CRLM-061,,CRLM-061,,CRLM-061,,CRLM-059,,CRLM-060,,CRLM-055,,CRLM-057,,CRLM-061,,CRLM-060,,CRLM-058,,CRLM-059,,CRLM-062,,CRLM-056,,CRLM-061,,CRLM-061,,CRLM-059,,CRLM-061,,CRLM-058,,CRLM-062,,CRLM-062,,CRLM-062,,CRLM-059,,CRLM-056,,CRLM-061,,CRLM-061,,CRLM-060,,CRLM-059,,CRLM-057,,CRLM-061,,CRLM-059,,CRLM-055,,CRLM-060,,CRLM-059,,CRLM-061,,CRLM-058,,CRLM-059,,CRLM-062,,CRLM-060,,CRLM-056,,CRLM-057,,CRLM-062,,CRLM-061,,CRLM-056,
47,CRLM-060,,CRLM-062,,CRLM-063,,CRLM-060,,CRLM-059,,CRLM-062,,CRLM-060,,CRLM-059,,CRLM-058,,CRLM-058,,CRLM-061,,CRLM-061,,CRLM-060,,CRLM-059,,CRLM-062,,CRLM-060,,CRLM-063,,CRLM-059,,CRLM-059,,CRLM-062,,CRLM-062,,CRLM-060,,CRLM-059,,CRLM-063,,CRLM-059,,CRLM-061,,CRLM-062,,CRLM-060,,CRLM-061,,CRLM-060,,CRLM-055,,CRLM-056,,CRLM-058,,CRLM-062,,CRLM-057,,CRLM-060,,CRLM-062,,CRLM-062,,CRLM-059,,CRLM-063,,CRLM-064,,CRLM-062,,CRLM-057,,CRLM-059,,CRLM-062,,CRLM-058,,CRLM-060,,CRLM-061,,CRLM-064,,CRLM-062,,CRLM-059,,CRLM-057,,CRLM-062,,CRLM-059,,CRLM-058,,CRLM-059,,CRLM-060,,CRLM-063,,CRLM-062,,CRLM-063,,CRLM-060,,CRLM-061,,CRLM-056,,CRLM-059,,CRLM-063,,CRLM-061,,CRLM-059,,CRLM-060,,CRLM-063,,CRLM-057,,CRLM-062,,CRLM-062,,CRLM-061,,CRLM-062,,CRLM-059,,CRLM-063,,CRLM-063,,CRLM-063,,CRLM-060,,CRLM-057,,CRLM-063,,CRLM-062,,CRLM-061,,CRLM-060,,CRLM-058,,CRLM-062,,CRLM-060,,CRLM-056,,CRLM-061,,CRLM-060,,CRLM-062,,CRLM-059,,CRLM-061,,CRLM-063,,CRLM-061,,CRLM-057,,CRLM-058,,CRLM-063,,CRLM-062,,CRLM-058,
48,CRLM-061,,CRLM-063,,CRLM-064,,CRLM-062,,CRLM-060,,CRLM-063,,CRLM-061,,CRLM-060,,CRLM-059,,CRLM-060,,CRLM-063,,CRLM-062,,CRLM-061,,CRLM-060,,CRLM-064,,CRLM-061,,CRLM-064,,CRLM-061,,CRLM-060,,CRLM-063,,CRLM-063,,CRLM-061,,CRLM-060,,CRLM-064,,CRLM-060,,CRLM-062,,CRLM-063,,CRLM-061,,CRLM-062,,CRLM-061,,CRLM-056,,CRLM-057,,CRLM-059,,CRLM-063,,CRLM-059,,CRLM-061,,CRLM-063,,CRLM-064,,CRLM-062,,CRLM-064,,CRLM-065,,CRLM-063,,CRLM-059,,CRLM-060,,CRLM-063,,CRLM-059,,CRLM-061,,CRLM-062,,CRLM-065,,CRLM-064,,CRLM-060,,CRLM-060,,CRLM-063,,CRLM-060,,CRLM-061,,CRLM-061,,CRLM-061,,CRLM-064,,CRLM-063,,CRLM-064,,CRLM-063,,CRLM-062,,CRLM-057,,CRLM-060,,CRLM-064,,CRLM-062,,CRLM-060,,CRLM-063,,CRLM-064,,CRLM-058,,CRLM-063,,CRLM-063,,CRLM-062,,CRLM-063,,CRLM-060,,CRLM-064,,CRLM-064,,CRLM-064,,CRLM-061,,CRLM-058,,CRLM-064,,CRLM-063,,CRLM-062,,CRLM-061,,CRLM-059,,CRLM-063,,CRLM-061,,CRLM-058,,CRLM-062,,CRLM-061,,CRLM-063,,CRLM-060,,CRLM-062,,CRLM-064,,CRLM-062,,CRLM-058,,CRLM-059,,CRLM-064,,CRLM-063,,CRLM-059,
49,CRLM-062,,CRLM-064,,CRLM-065,,CRLM-063,,CRLM-061,,CRLM-064,,CRLM-063,,CRLM-061,,CRLM-060,,CRLM-061,,CRLM-064,,CRLM-064,,CRLM-062,,CRLM-061,,CRLM-066,,CRLM-062,,CRLM-066,,CRLM-062,,CRLM-061,,CRLM-064,,CRLM-064,,CRLM-062,,CRLM-065,,CRLM-065,,CRLM-061,,CRLM-063,,CRLM-064,,CRLM-062,,CRLM-064,,CRLM-062,,CRLM-057,,CRLM-059,,CRLM-061,,CRLM-064,,CRLM-060,,CRLM-062,,CRLM-064,,CRLM-065,,CRLM-063,,CRLM-065,,CRLM-066,,CRLM-064,,CRLM-060,,CRLM-061,,CRLM-064,,CRLM-060,,CRLM-062,,CRLM-063,,CRLM-066,,CRLM-065,,CRLM-061,,CRLM-062,,CRLM-064,,CRLM-061,,CRLM-062,,CRLM-064,,CRLM-062,,CRLM-065,,CRLM-064,,CRLM-065,,CRLM-065,,CRLM-063,,CRLM-058,,CRLM-061,,CRLM-065,,CRLM-063,,CRLM-061,,CRLM-064,,CRLM-065,,CRLM-059,,CRLM-064,,CRLM-064,,CRLM-063,,CRLM-064,,CRLM-061,,CRLM-066,,CRLM-065,,CRLM-065,,CRLM-062,,CRLM-059,,CRLM-065,,CRLM-064,,CRLM-063,,CRLM-062,,CRLM-060,,CRLM-064,,CRLM-062,,CRLM-060,,CRLM-063,,CRLM-063,,CRLM-064,,CRLM-061,,CRLM-063,,CRLM-065,,CRLM-063,,CRLM-059,,CRLM-061,,CRLM-065,,CRLM-064,,CRLM-060,
50,CRLM-063,,CRLM-065,,CRLM-066,,CRLM-064,,CRLM-064,,CRLM-065,,CRLM-064,,CRLM-062,,CRLM-062,,CRLM-062,,CRLM-065,,CRLM-066,,CRLM-063,,CRLM-062,,CRLM-067,,CRLM-064,,CRLM-067,,CRLM-064,,CRLM-062,,CRLM-065,,CRLM-065,,CRLM-064,,CRLM-066,,CRLM-066,,CRLM-062,,CRLM-064,,CRLM-065,,CRLM-063,,CRLM-065,,CRLM-063,,CRLM-059,,CRLM-061,,CRLM-062,,CRLM-065,,CRLM-063,,CRLM-066,,CRLM-065,,CRLM-066,,CRLM-064,,CRLM-066,,CRLM-067,,CRLM-065,,CRLM-062,,CRLM-063,,CRLM-066,,CRLM-061,,CRLM-063,,CRLM-064,,CRLM-067,,CRLM-066,,CRLM-062,,CRLM-064,,CRLM-065,,CRLM-065,,CRLM-063,,CRLM-065,,CRLM-065,,CRLM-066,,CRLM-065,,CRLM-066,,CRLM-066,,CRLM-064,,CRLM-063,,CRLM-062,,CRLM-066,,CRLM-064,,CRLM-062,,CRLM-065,,CRLM-066,,CRLM-061,,CRLM-065,,CRLM-065,,CRLM-064,,CRLM-065,,CRLM-062,,CRLM-067,,CRLM-066,,CRLM-066,,CRLM-063,,CRLM-060,,CRLM-066,,CRLM-065,,CRLM-064,,CRLM-064,,CRLM-063,,CRLM-065,,CRLM-063,,CRLM-061,,CRLM-064,,CRLM-064,,CRLM-065,,CRLM-063,,CRLM-066,,CRLM-066,,CRLM-065,,CRLM-060,,CRLM-063,,CRLM-067,,CRLM-065,,CRLM-062,
51,CRLM-065,,CRLM-066,,CRLM-067,,CRLM-065,,CRLM-066,,CRLM-066,,CRLM-065,,CRLM-063,,CRLM-064,,CRLM-063,,CRLM-066,,CRLM-067,,CRLM-064,,CRLM-063,,CRLM-068,,CRLM-066,,CRLM-068,,CRLM-065,,CRLM-064,,CRLM-066,,CRLM-066,,CRLM-066,,CRLM-067,,CRLM-067,,CRLM-063,,CRLM-065,,CRLM-066,,CRLM-064,,CRLM-066,,CRLM-065,,CRLM-063,,CRLM-062,,CRLM-063,,CRLM-066,,CRLM-064,,CRLM-067,,CRLM-066,,CRLM-067,,CRLM-067,,CRLM-067,,CRLM-068,,CRLM-066,,CRLM-064,,CRLM-064,,CRLM-067,,CRLM-063,,CRLM-064,,CRLM-065,,CRLM-068,,CRLM-068,,CRLM-063,,CRLM-065,,CRLM-066,,CRLM-066,,CRLM-064,,CRLM-066,,CRLM-066,,CRLM-067,,CRLM-066,,CRLM-067,,CRLM-067,,CRLM-065,,CRLM-064,,CRLM-063,,CRLM-067,,CRLM-065,,CRLM-063,,CRLM-066,,CRLM-067,,CRLM-063,,CRLM-066,,CRLM-066,,CRLM-065,,CRLM-066,,CRLM-063,,CRLM-068,,CRLM-067,,CRLM-067,,CRLM-064,,CRLM-061,,CRLM-067,,CRLM-066,,CRLM-065,,CRLM-065,,CRLM-066,,CRLM-066,,CRLM-065,,CRLM-062,,CRLM-065,,CRLM-065,,CRLM-066,,CRLM-064,,CRLM-067,,CRLM-067,,CRLM-066,,CRLM-061,,CRLM-064,,CRLM-068,,CRLM-066,,CRLM-063,
52,CRLM-066,,CRLM-067,,CRLM-068,,CRLM-067,,CRLM-067,,CRLM-067,,CRLM-068,,CRLM-064,,CRLM-065,,CRLM-064,,CRLM-067,,CRLM-068,,CRLM-065,,CRLM-064,,CRLM-069,,CRLM-067,,CRLM-069,,CRLM-067,,CRLM-065,,CRLM-067,,CRLM-067,,CRLM-067,,CRLM-068,,CRLM-068,,CRLM-066,,CRLM-066,,CRLM-068,,CRLM-065,,CRLM-067,,CRLM-066,,CRLM-065,,CRLM-063,,CRLM-064,,CRLM-067,,CRLM-065,,CRLM-068,,CRLM-068,,CRLM-068,,CRLM-068,,CRLM-068,,CRLM-069,,CRLM-067,,CRLM-065,,CRLM-065,,CRLM-068,,CRLM-066,,CRLM-065,,CRLM-066,,CRLM-069,,CRLM-069,,CRLM-066,,CRLM-067,,CRLM-067,,CRLM-067,,CRLM-066,,CRLM-067,,CRLM-067,,CRLM-068,,CRLM-068,,CRLM-068,,CRLM-068,,CRLM-066,,CRLM-065,,CRLM-064,,CRLM-068,,CRLM-067,,CRLM-064,,CRLM-067,,CRLM-068,,CRLM-064,,CRLM-067,,CRLM-067,,CRLM-066,,CRLM-068,,CRLM-064,,CRLM-069,,CRLM-068,,CRLM-068,,CRLM-065,,CRLM-063,,CRLM-068,,CRLM-067,,CRLM-067,,CRLM-066,,CRLM-067,,CRLM-067,,CRLM-067,,CRLM-063,,CRLM-066,,CRLM-067,,CRLM-067,,CRLM-065,,CRLM-068,,CRLM-069,,CRLM-067,,CRLM-064,,CRLM-065,,CRLM-069,,CRLM-067,,CRLM-065,
53,CRLM-067,,CRLM-068,,CRLM-070,,CRLM-068,,CRLM-068,,CRLM-068,,CRLM-069,,CRLM-066,,CRLM-066,,CRLM-065,,CRLM-068,,CRLM-069,,CRLM-066,,CRLM-065,,CRLM-070,,CRLM-068,,CRLM-070,,CRLM-068,,CRLM-066,,CRLM-068,,CRLM-068,,CRLM-068,,CRLM-069,,CRLM-069,,CRLM-068,,CRLM-067,,CRLM-069,,CRLM-067,,CRLM-068,,CRLM-067,,CRLM-066,,CRLM-064,,CRLM-067,,CRLM-068,,CRLM-068,,CRLM-070,,CRLM-069,,CRLM-070,,CRLM-069,,CRLM-070,,CRLM-070,,CRLM-069,,CRLM-066,,CRLM-066,,CRLM-069,,CRLM-067,,CRLM-066,,CRLM-069,,CRLM-070,,CRLM-070,,CRLM-067,,CRLM-068,,CRLM-068,,CRLM-068,,CRLM-067,,CRLM-068,,CRLM-068,,CRLM-069,,CRLM-069,,CRLM-069,,CRLM-070,,CRLM-067,,CRLM-066,,CRLM-065,,CRLM-069,,CRLM-070,,CRLM-065,,CRLM-069,,CRLM-070,,CRLM-065,,CRLM-068,,CRLM-068,,CRLM-067,,CRLM-069,,CRLM-065,,CRLM-070,,CRLM-069,,CRLM-070,,CRLM-066,,CRLM-064,,CRLM-069,,CRLM-068,,CRLM-068,,CRLM-067,,CRLM-068,,CRLM-068,,CRLM-068,,CRLM-064,,CRLM-067,,CRLM-068,,CRLM-068,,CRLM-066,,CRLM-069,,CRLM-070,,CRLM-068,,CRLM-065,,CRLM-067,,CRLM-070,,CRLM-068,,CRLM-067,
54,CRLM-070,,CRLM-069,,CRLM-071,,CRLM-069,,CRLM-069,,CRLM-069,,CRLM-070,,CRLM-067,,CRLM-067,,CRLM-067,,CRLM-069,,CRLM-070,,CRLM-068,,CRLM-068,,CRLM-071,,CRLM-069,,CRLM-071,,CRLM-070,,CRLM-067,,CRLM-069,,CRLM-069,,CRLM-070,,CRLM-070,,CRLM-070,,CRLM-069,,CRLM-068,,CRLM-070,,CRLM-068,,CRLM-069,,CRLM-068,,CRLM-067,,CRLM-065,,CRLM-068,,CRLM-070,,CRLM-069,,CRLM-071,,CRLM-070,,CRLM-071,,CRLM-070,,CRLM-071,,CRLM-071,,CRLM-070,,CRLM-067,,CRLM-067,,CRLM-070,,CRLM-068,,CRLM-068,,CRLM-071,,CRLM-071,,CRLM-071,,CRLM-069,,CRLM-069,,CRLM-069,,CRLM-070,,CRLM-069,,CRLM-069,,CRLM-069,,CRLM-070,,CRLM-070,,CRLM-070,,CRLM-071,,CRLM-068,,CRLM-067,,CRLM-067,,CRLM-070,,CRLM-071,,CRLM-066,,CRLM-070,,CRLM-071,,CRLM-067,,CRLM-069,,CRLM-069,,CRLM-069,,CRLM-070,,CRLM-066,,CRLM-071,,CRLM-070,,CRLM-071,,CRLM-067,,CRLM-065,,CRLM-070,,CRLM-069,,CRLM-069,,CRLM-068,,CRLM-069,,CRLM-069,,CRLM-069,,CRLM-065,,CRLM-069,,CRLM-069,,CRLM-069,,CRLM-068,,CRLM-070,,CRLM-071,,CRLM-069,,CRLM-069,,CRLM-068,,CRLM-071,,CRLM-069,,CRLM-070,
55,CRLM-071,,CRLM-070,,CRLM-072,,CRLM-070,,CRLM-070,,CRLM-070,,CRLM-071,,CRLM-069,,CRLM-069,,CRLM-068,,CRLM-070,,CRLM-071,,CRLM-070,,CRLM-069,,CRLM-072,,CRLM-071,,CRLM-072,,CRLM-071,,CRLM-069,,CRLM-070,,CRLM-071,,CRLM-071,,CRLM-071,,CRLM-071,,CRLM-070,,CRLM-069,,CRLM-071,,CRLM-069,,CRLM-070,,CRLM-069,,CRLM-069,,CRLM-067,,CRLM-069,,CRLM-071,,CRLM-071,,CRLM-072,,CRLM-071,,CRLM-072,,CRLM-071,,CRLM-072,,CRLM-072,,CRLM-072,,CRLM-068,,CRLM-069,,CRLM-072,,CRLM-069,,CRLM-070,,CRLM-072,,CRLM-072,,CRLM-072,,CRLM-071,,CRLM-071,,CRLM-070,,CRLM-071,,CRLM-070,,CRLM-070,,CRLM-070,,CRLM-071,,CRLM-071,,CRLM-072,,CRLM-072,,CRLM-069,,CRLM-068,,CRLM-068,,CRLM-072,,CRLM-072,,CRLM-068,,CRLM-071,,CRLM-072,,CRLM-068,,CRLM-070,,CRLM-070,,CRLM-070,,CRLM-071,,CRLM-067,,CRLM-072,,CRLM-072,,CRLM-072,,CRLM-068,,CRLM-067,,CRLM-071,,CRLM-072,,CRLM-070,,CRLM-069,,CRLM-070,,CRLM-071,,CRLM-070,,CRLM-067,,CRLM-070,,CRLM-070,,CRLM-070,,CRLM-069,,CRLM-071,,CRLM-072,,CRLM-070,,CRLM-070,,CRLM-070,,CRLM-072,,CRLM-070,,CRLM-071,
56,CRLM-072,,CRLM-071,,CRLM-073,,CRLM-071,,CRLM-071,,CRLM-071,,CRLM-072,,CRLM-070,,CRLM-070,,CRLM-071,,CRLM-071,,CRLM-072,,CRLM-071,,CRLM-072,,CRLM-073,,CRLM-072,,CRLM-073,,CRLM-072,,CRLM-071,,CRLM-071,,CRLM-072,,CRLM-072,,CRLM-072,,CRLM-072,,CRLM-071,,CRLM-070,,CRLM-072,,CRLM-070,,CRLM-072,,CRLM-070,,CRLM-070,,CRLM-069,,CRLM-070,,CRLM-072,,CRLM-073,,CRLM-073,,CRLM-072,,CRLM-073,,CRLM-073,,CRLM-073,,CRLM-073,,CRLM-073,,CRLM-070,,CRLM-070,,CRLM-073,,CRLM-070,,CRLM-071,,CRLM-073,,CRLM-073,,CRLM-073,,CRLM-072,,CRLM-072,,CRLM-071,,CRLM-073,,CRLM-072,,CRLM-071,,CRLM-072,,CRLM-072,,CRLM-073,,CRLM-073,,CRLM-073,,CRLM-070,,CRLM-071,,CRLM-069,,CRLM-073,,CRLM-073,,CRLM-070,,CRLM-072,,CRLM-073,,CRLM-069,,CRLM-071,,CRLM-071,,CRLM-072,,CRLM-072,,CRLM-068,,CRLM-073,,CRLM-073,,CRLM-073,,CRLM-069,,CRLM-069,,CRLM-073,,CRLM-073,,CRLM-071,,CRLM-070,,CRLM-073,,CRLM-073,,CRLM-071,,CRLM-071,,CRLM-071,,CRLM-072,,CRLM-071,,CRLM-070,,CRLM-072,,CRLM-073,,CRLM-071,,CRLM-072,,CRLM-071,,CRLM-073,,CRLM-071,,CRLM-072,
57,CRLM-073,,CRLM-073,,CRLM-074,,CRLM-072,,CRLM-074,,CRLM-072,,CRLM-073,,CRLM-072,,CRLM-071,,CRLM-073,,CRLM-072,,CRLM-073,,CRLM-072,,CRLM-073,,CRLM-074,,CRLM-073,,CRLM-074,,CRLM-073,,CRLM-072,,CRLM-072,,CRLM-073,,CRLM-073,,CRLM-073,,CRLM-074,,CRLM-073,,CRLM-072,,CRLM-073,,CRLM-071,,CRLM-073,,CRLM-072,,CRLM-071,,CRLM-074,,CRLM-071,,CRLM-073,,CRLM-074,,CRLM-074,,CRLM-073,,CRLM-074,,CRLM-074,,CRLM-074,,CRLM-074,,CRLM-074,,CRLM-072,,CRLM-071,,CRLM-074,,CRLM-072,,CRLM-073,,CRLM-074,,CRLM-074,,CRLM-074,,CRLM-073,,CRLM-073,,CRLM-073,,CRLM-074,,CRLM-073,,CRLM-072,,CRLM-073,,CRLM-073,,CRLM-074,,CRLM-074,,CRLM-074,,CRLM-071,,CRLM-073,,CRLM-071,,CRLM-074,,CRLM-074,,CRLM-071,,CRLM-074,,CRLM-074,,CRLM-070,,CRLM-072,,CRLM-072,,CRLM-073,,CRLM-074,,CRLM-069,,CRLM-074,,CRLM-074,,CRLM-074,,CRLM-070,,CRLM-070,,CRLM-074,,CRLM-074,,CRLM-072,,CRLM-071,,CRLM-074,,CRLM-074,,CRLM-073,,CRLM-072,,CRLM-072,,CRLM-073,,CRLM-072,,CRLM-072,,CRLM-074,,CRLM-074,,CRLM-072,,CRLM-073,,CRLM-072,,CRLM-074,,CRLM-072,,CRLM-073,
58,CRLM-074,,CRLM-074,,CRLM-075,,CRLM-073,,CRLM-075,,CRLM-074,,CRLM-074,,CRLM-073,,CRLM-072,,CRLM-074,,CRLM-074,,CRLM-075,,CRLM-074,,CRLM-074,,CRLM-075,,CRLM-075,,CRLM-075,,CRLM-074,,CRLM-073,,CRLM-075,,CRLM-074,,CRLM-075,,CRLM-075,,CRLM-075,,CRLM-074,,CRLM-074,,CRLM-074,,CRLM-072,,CRLM-074,,CRLM-073,,CRLM-072,,CRLM-075,,CRLM-073,,CRLM-074,,CRLM-075,,CRLM-075,,CRLM-074,,CRLM-075,,CRLM-075,,CRLM-075,,CRLM-075,,CRLM-075,,CRLM-073,,CRLM-072,,CRLM-075,,CRLM-074,,CRLM-075,,CRLM-075,,CRLM-075,,CRLM-075,,CRLM-074,,CRLM-074,,CRLM-075,,CRLM-075,,CRLM-075,,CRLM-073,,CRLM-074,,CRLM-075,,CRLM-075,,CRLM-075,,CRLM-075,,CRLM-072,,CRLM-074,,CRLM-072,,CRLM-075,,CRLM-075,,CRLM-072,,CRLM-075,,CRLM-075,,CRLM-073,,CRLM-073,,CRLM-073,,CRLM-075,,CRLM-075,,CRLM-071,,CRLM-075,,CRLM-075,,CRLM-075,,CRLM-073,,CRLM-073,,CRLM-075,,CRLM-075,,CRLM-075,,CRLM-072,,CRLM-075,,CRLM-075,,CRLM-075,,CRLM-074,,CRLM-073,,CRLM-074,,CRLM-074,,CRLM-074,,CRLM-075,,CRLM-075,,CRLM-073,,CRLM-075,,CRLM-073,,CRLM-075,,CRLM-073,,CRLM-074,
59,CRLM-076,,CRLM-075,,CRLM-076,,CRLM-074,,CRLM-076,,CRLM-075,,CRLM-075,,CRLM-074,,CRLM-074,,CRLM-075,,CRLM-075,,CRLM-076,,CRLM-075,,CRLM-075,,CRLM-076,,CRLM-076,,CRLM-076,,CRLM-076,,CRLM-075,,CRLM-076,,CRLM-075,,CRLM-076,,CRLM-076,,CRLM-076,,CRLM-075,,CRLM-075,,CRLM-076,,CRLM-074,,CRLM-075,,CRLM-074,,CRLM-074,,CRLM-076,,CRLM-074,,CRLM-076,,CRLM-076,,CRLM-076,,CRLM-075,,CRLM-076,,CRLM-076,,CRLM-076,,CRLM-076,,CRLM-076,,CRLM-075,,CRLM-074,,CRLM-076,,CRLM-075,,CRLM-076,,CRLM-076,,CRLM-076,,CRLM-076,,CRLM-076,,CRLM-075,,CRLM-076,,CRLM-076,,CRLM-076,,CRLM-076,,CRLM-075,,CRLM-076,,CRLM-076,,CRLM-076,,CRLM-076,,CRLM-074,,CRLM-076,,CRLM-073,,CRLM-076,,CRLM-076,,CRLM-073,,CRLM-076,,CRLM-076,,CRLM-074,,CRLM-074,,CRLM-074,,CRLM-076,,CRLM-076,,CRLM-072,,CRLM-076,,CRLM-076,,CRLM-076,,CRLM-074,,CRLM-074,,CRLM-076,,CRLM-076,,CRLM-076,,CRLM-073,,CRLM-076,,CRLM-076,,CRLM-076,,CRLM-076,,CRLM-074,,CRLM-075,,CRLM-075,,CRLM-075,,CRLM-076,,CRLM-076,,CRLM-074,,CRLM-076,,CRLM-074,,CRLM-076,,CRLM-074,,CRLM-075,
60,CRLM-077,,CRLM-077,,CRLM-077,,CRLM-076,,CRLM-077,,CRLM-076,,CRLM-077,,CRLM-076,,CRLM-077,,CRLM-076,,CRLM-077,,CRLM-077,,CRLM-076,,CRLM-077,,CRLM-077,,CRLM-077,,CRLM-077,,CRLM-077,,CRLM-076,,CRLM-077,,CRLM-077,,CRLM-077,,CRLM-077,,CRLM-077,,CRLM-077,,CRLM-076,,CRLM-077,,CRLM-075,,CRLM-076,,CRLM-075,,CRLM-075,,CRLM-077,,CRLM-077,,CRLM-077,,CRLM-077,,CRLM-077,,CRLM-076,,CRLM-077,,CRLM-077,,CRLM-077,,CRLM-077,,CRLM-077,,CRLM-077,,CRLM-075,,CRLM-077,,CRLM-076,,CRLM-077,,CRLM-077,,CRLM-077,,CRLM-077,,CRLM-077,,CRLM-077,,CRLM-077,,CRLM-077,,CRLM-077,,CRLM-077,,CRLM-076,,CRLM-077,,CRLM-077,,CRLM-077,,CRLM-077,,CRLM-076,,CRLM-077,,CRLM-075,,CRLM-077,,CRLM-077,,CRLM-076,,CRLM-077,,CRLM-077,,CRLM-077,,CRLM-076,,CRLM-075,,CRLM-077,,CRLM-077,,CRLM-076,,CRLM-077,,CRLM-077,,CRLM-077,,CRLM-076,,CRLM-075,,CRLM-077,,CRLM-077,,CRLM-077,,CRLM-074,,CRLM-077,,CRLM-077,,CRLM-077,,CRLM-077,,CRLM-075,,CRLM-076,,CRLM-076,,CRLM-076,,CRLM-077,,CRLM-077,,CRLM-075,,CRLM-077,,CRLM-077,,CRLM-077,,CRLM-075,,CRLM-077,
